A0,propensityY1,propensityY2,propensityY3,propensityY4,propensityY5,propensityY6,propensityY7,propensityY8,propensityY9,propensityY10,propensityY11,propensityY12,propensityY13
1,0.032680272,0.029571936,0.02675107,0.024192577,0.021873282,,,,,,,,
2,0.404576621,0.291466377,0.270630345,0.058622948,0.091092193,,,,,,,,
3,0.032680272,0.029571936,0.02675107,0.024192577,0.021873282,,,,,,,,
4,0.038170961,0.05063125,0.045896545,0.028298948,0.025596309,,,,,,,,
5,0.042312819,0.038324597,0.034698667,0.031404588,0.028414023,,,,,,,,
7,0.040190801,0.03639499,0.032945368,0.029812596,0.02696941,,,,,,,,
8,0.052347789,0.047460589,0.043008951,0.067449771,0.035274145,,,,,,,,
9,0.09183592,0.083587276,0.076017505,0.069081584,0.062735537,,,,,,,,
10,0.054624241,0.04953562,0.044898525,0.040676937,0.036836976,,,,,,,,
11,0.049339348,0.044719762,0.040514269,0.036689076,0.033212541,,,,,,,,
13,0.167271269,0.15339148,0.083907762,0.076311383,0.069350662,,,,,,,,
14,0.049748653,0.045092562,0.186272585,0.064151562,0.033492776,,,,,,,,
15,0.07443894,0.067636506,0.061414451,0.055730565,0.050544392,,,,,,,,
16,0.052347789,0.047460589,0.043008951,0.038957783,0.035274145,,,,,,,,
18,0.057935288,0.052555367,0.047649762,0.043181184,0.057179749,,,,,,,,
19,0.036248798,0.032812561,0.02969203,0.026860024,0.024291372,,,,,,,,
20,0.08745709,0.079567291,0.072332839,0.065709204,0.040840231,,,,,,,,
21,0.032680272,0.029571936,0.02675107,0.024192577,0.021873282,,,,,,,,
22,0.101188247,0.092184851,0.083907762,0.076311383,0.069350662,,,,,,,,
23,0.168485514,0.154523666,0.141521878,0.12944658,0.11825967,,,,,,,,
24,0.457162659,0.12383969,0.550062083,0.170248211,0.156167728,,,,,,,,
25,0.060934711,0.055292609,0.050145027,0.045453613,0.041182084,,,,,,,,
26,0.101981534,0.09291485,0.058392882,0.052972858,0.048030258,,,,,,,,
27,0.046882195,0.042482388,0.038478826,0.034838833,0.031531882,,,,,,,,
28,0.051918268,0.047069176,0.042652607,0.03863365,0.034979544,,,,,,,,
29,0.11223937,0.102364668,0.064581649,0.058622948,0.053182775,,,,,,,,
30,0.056852764,0.051567865,0.02675107,0.024192577,0.021873282,,,,,,,,
31,0.470507977,0.444909778,0.326710612,0.126873357,0.06843095,,,,,,,,
32,0.108021769,0.098476966,0.052330977,0.081617457,0.074211629,,,,,,,,
34,0.060439227,0.054840324,0.049732632,0.045077969,0.040840231,,,,,,,,
35,0.054624241,0.04953562,0.077385453,0.070334221,0.063880999,,,,,,,,
36,0.361828279,0.338364377,0.205421874,0.189095289,0.173782512,,,,,,,,
37,0.07443894,0.067636506,0.061414451,0.055730565,0.050544392,,,,,,,,
38,0.049339348,0.044719762,0.040514269,0.036689076,0.033212541,,,,,,,,
39,0.600423371,0.575438504,0.550062083,0.381961165,0.498653406,,,,,,,,
40,0.083267903,0.052124237,0.047256866,0.042823478,0.056712954,,,,,,,,
41,0.055074848,0.049946468,0.045272745,0.041017482,0.037146617,,,,,,,,
42,0.135473348,0.12383969,0.113074396,0.103134763,0.093976281,,,,,,,,
43,0.139463611,0.439973549,0.414735389,0.26374821,0.09688125,,,,,,,,
44,0.192258212,0.125950901,0.281352722,0.386531493,0.241573984,,,,,,,,
45,0.068280141,0.042482388,0.038478826,0.034838833,0.031531882,,,,,,,,
46,0.044541677,0.040352224,0.036541748,0.033078694,0.029933636,,,,,,,,
47,0.049339348,0.044719762,0.040514269,0.036689076,0.033212541,,,,,,,,
48,0.057462701,0.052124237,0.068813473,0.062490402,0.056712954,,,,,,,,
49,0.049748653,0.045092562,0.04085351,0.036997522,0.033492776,,,,,,,,
50,0.054624241,0.04953562,0.044898525,0.040676937,0.036836976,,,,,,,,
51,0.057935288,0.052555367,0.047649762,0.043181184,0.039114457,,,,,,,,
52,0.070824925,0.064329796,0.058392882,0.052972858,0.048030258,,,,,,,,
53,0.046882195,0.062002813,0.056267739,0.034838833,0.054903161,,,,,,,,
54,0.054042706,0.04900545,0.025388795,0.022957518,0.020754107,,,,,,,,
55,0.060934711,0.055292609,0.050145027,0.045453613,0.041182084,,,,,,,,
56,0.084754356,0.077087783,0.040514269,0.036689076,0.033212541,,,,,,,,
57,0.11223937,0.102364668,0.09326746,0.084902256,0.077223434,,,,,,,,
58,0.047272129,0.042837373,0.038801712,0.035132291,0.031798402,,,,,,,,
59,0.064078857,0.058163662,0.052763723,0.047839651,0.043354076,,,,,,,,
60,0.066665903,0.060527339,0.031542234,0.028538948,0.025813997,,,,,,,,
61,0.277919152,0.340902828,0.454271258,0.296174545,0.275132636,,,,,,,,
62,0.055074848,0.049946468,0.045272745,0.041017482,0.037146617,,,,,,,,
64,0.071774333,0.065198246,0.059186253,0.053696788,0.048690116,,,,,,,,
65,0.044541677,0.040352224,0.036541748,0.033078694,0.029933636,,,,,,,,
66,0.10376424,0.094555753,0.050145027,0.045453613,0.041182084,,,,,,,,
67,0.062889204,0.05707713,0.02969203,0.026860024,0.024291372,,,,,,,,
68,0.096410828,0.087790991,0.079873707,0.072613593,0.065966076,,,,,,,,
69,0.038170961,0.034559045,0.031277791,0.028298948,0.025596309,,,,,,,,
70,0.060290278,0.05470437,0.028423382,0.044965066,0.023247948,,,,,,,,
71,0.528935807,0.601424977,0.57645856,0.407598547,0.525463992,,,,,,,,
72,0.064078857,0.058163662,0.052763723,0.047839651,0.043354076,,,,,,,,
73,0.101188247,0.092184851,0.083907762,0.052538492,0.047634383,,,,,,,,
74,0.175791497,0.161341699,0.147866565,0.028298948,0.025596309,,,,,,,,
75,0.048811171,0.044238736,0.022864022,0.020669394,0.018681393,,,,,,,,
76,0.587481618,0.562277468,0.536747685,0.369375319,0.345687111,,,,,,,,
77,0.054624241,0.04953562,0.044898525,0.040676937,0.036836976,,,,,,,,
78,0.071774333,0.065198246,0.040514269,0.036689076,0.033212541,,,,,,,,
79,0.038491368,0.034850232,0.031542234,0.028538948,0.025813997,,,,,,,,
80,0.14854273,0.458199327,0.57645856,0.551095546,0.170839025,,,,,,,,
81,0.034419965,0.03115149,0.028184326,0.025492346,0.023051388,,,,,,,,
82,0.064078857,0.058163662,0.052763723,0.117824853,0.063248579,,,,,,,,
83,0.079261949,0.04953562,0.044898525,0.040676937,0.036836976,,,,,,,,
84,0.064078857,0.058163662,0.052763723,0.047839651,0.043354076,,,,,,,,
85,0.046882195,0.042482388,0.038478826,0.034838833,0.031531882,,,,,,,,
86,0.046882195,0.042482388,0.038478826,0.034838833,0.031531882,,,,,,,,
87,0.04266645,0.038646241,0.034990988,0.031670068,0.02865497,,,,,,,,
88,0.101188247,0.092184851,0.467604878,0.347147028,0.211858768,,,,,,,,
89,0.031025683,0.028070154,0.025388795,0.022957518,0.020754107,,,,,,,,
90,0.415455251,0.1065716,0.409156429,0.384472416,0.239985026,,,,,,,,
91,0.064078857,0.058163662,0.052763723,0.047839651,0.043354076,,,,,,,,
92,0.080683184,0.073355359,0.038478826,0.162475173,0.237926767,,,,,,,,
93,0.060439227,0.054840324,0.049732632,0.045077969,0.040840231,,,,,,,,
94,0.071774333,0.065198246,0.059186253,0.053696788,0.048690116,,,,,,,,
95,0.036248798,0.032812561,0.02969203,0.026860024,0.024291372,,,,,,,,
96,0.036553683,0.033089537,0.02994348,0.027088161,0.02449824,,,,,,,,
98,0.051918268,0.047069176,0.062246162,0.056489934,0.051236931,,,,,,,,
99,0.07443894,0.067636506,0.061414451,0.095273337,0.050544392,,,,,,,,
100,0.029452314,0.026642545,0.024094175,0.021784102,0.161505715,,,,,,,,
101,0.049748653,0.045092562,0.04085351,0.064151562,0.058230073,,,,,,,,
102,0.040190801,0.03639499,0.048304657,0.029812596,0.02696941,,,,,,,,
104,0.057935288,0.052555367,0.047649762,0.043181184,0.039114457,,,,,,,,
105,0.054624241,0.04953562,0.044898525,0.040676937,0.036836976,,,,,,,,
106,0.070824925,0.064329796,0.058392882,0.052972858,0.048030258,,,,,,,,
107,0.038491368,0.034850232,0.031542234,0.028538948,0.045144763,,,,,,,,
108,0.038170961,0.034559045,0.031277791,0.049396211,0.025596309,,,,,,,,
110,0.051918268,0.047069176,0.042652607,0.03863365,0.034979544,,,,,,,,
111,0.09717071,0.088489588,0.080514863,0.050344335,0.04563517,,,,,,,,
113,0.452201232,0.426796205,0.273469855,0.25346012,0.234442045,,,,,,,,
114,0.040190801,0.03639499,0.032945368,0.029812596,0.02696941,,,,,,,,
115,0.044541677,0.040352224,0.036541748,0.033078694,0.029933636,,,,,,,,
116,0.101188247,0.092184851,0.329872409,0.128470213,0.41676439,,,,,,,,
117,0.057935288,0.052555367,0.047649762,0.043181184,0.039114457,,,,,,,,
118,0.046882195,0.042482388,0.038478826,0.162475173,0.148922182,,,,,,,,
119,0.067373598,0.061174141,0.080514863,0.050344335,0.04563517,,,,,,,,
120,0.055074848,0.049946468,0.045272745,0.041017482,0.037146617,,,,,,,,
121,0.057935288,0.052555367,0.047649762,0.043181184,0.039114457,,,,,,,,
122,0.055074848,0.049946468,0.045272745,0.041017482,0.037146617,,,,,,,,
123,0.042312819,0.038324597,0.034698667,0.031404588,0.028414023,,,,,,,,
124,0.125491829,0.114601701,0.061414451,0.055730565,0.050544392,,,,,,,,
125,0.123387227,0.112656207,0.102749077,0.497609273,0.333651255,,,,,,,,
126,0.282564443,0.262129351,0.242672238,0.162475173,0.054903161,,,,,,,,
127,0.060934711,0.055292609,0.050145027,0.045453613,0.041182084,,,,,,,,
128,0.070824925,0.26980672,0.372908952,0.349119585,0.326058746,,,,,,,,
130,0.123387227,0.112656207,0.102749077,0.06483442,0.058853864,,,,,,,,
132,0.042312819,0.038324597,0.034698667,0.031404588,0.028414023,,,,,,,,
133,0.079261949,0.072053087,0.065453261,0.059419248,0.053909411,,,,,,,,
134,0.123387227,0.112656207,0.071376612,0.06483442,0.058853864,,,,,,,,
135,0.044541677,0.040352224,0.036541748,0.05752836,0.052184133,,,,,,,,
136,0.083267903,0.075724664,0.068813473,0.062490402,0.056712954,,,,,,,,
137,0.09717071,0.061174141,0.05551118,0.050344335,0.066503663,,,,,,,,
138,0.08745709,0.079567291,0.049732632,0.274300462,0.040840231,,,,,,,,
139,0.051918268,0.047069176,0.042652607,0.066905085,0.060745931,,,,,,,,
140,0.101981534,0.064329796,0.058392882,0.052972858,0.048030258,,,,,,,,
141,0.168485514,0.154523666,0.084578323,0.44417766,0.418878718,,,,,,,,
142,0.054624241,0.04953562,0.044898525,0.040676937,0.036836976,,,,,,,,
143,0.070824925,0.064329796,0.249972796,0.349119585,0.213313768,,,,,,,,
144,0.044913062,0.040690166,0.036849003,0.033357839,0.030187069,,,,,,,,
145,0.049748653,0.045092562,0.04085351,0.036997522,0.033492776,,,,,,,,
146,0.101981534,0.064329796,0.058392882,0.076926335,0.069913766,,,,,,,,
147,0.049339348,0.044719762,0.184958666,0.063631692,0.033212541,,,,,,,,
148,0.064078857,0.058163662,0.052763723,0.047839651,0.043354076,,,,,,,,
150,0.078221844,0.071100274,0.064581649,0.058622948,0.053182775,,,,,,,,
151,0.036248798,0.154211517,0.226865062,0.129177348,0.118010551,,,,,,,,
152,0.066829483,0.060676836,0.055057211,0.049930386,0.203036564,,,,,,,,
153,0.096410828,0.087790991,0.318119469,0.220239926,0.045258097,,,,,,,,
154,0.561249253,0.535709019,0.368402967,0.344743028,0.321828338,,,,,,,,
155,0.376964082,0.353061671,0.057916791,0.090032326,0.047634383,,,,,,,,
156,0.152849882,0.139965614,0.076017505,0.069081584,0.062735537,,,,,,,,
157,0.049339348,0.044719762,0.252670648,0.16991068,0.033212541,,,,,,,,
158,0.06951933,0.063135798,0.032945368,0.051977941,0.039656928,,,,,,,,
159,0.063559537,0.057689327,0.052330977,0.047445268,0.042995002,,,,,,,,
160,0.404576621,0.379991209,0.356006532,0.332723327,0.445209032,,,,,,,,
161,0.060439227,0.054840324,0.049732632,0.045077969,0.040840231,,,,,,,,
162,0.052347789,0.069103385,0.043008951,0.038957783,0.035274145,,,,,,,,
163,0.090647058,0.082495498,0.075016505,0.068165179,0.061897719,,,,,,,,
164,0.339965022,0.079567291,0.12213189,0.077684176,0.040840231,,,,,,,,
165,0.049339348,0.044719762,0.040514269,0.036689076,0.033212541,,,,,,,,
166,0.064078857,0.058163662,0.052763723,0.047839651,0.043354076,,,,,,,,
167,0.0597997,0.05425662,0.028184326,0.025492346,0.023051388,,,,,,,,
168,0.055825811,0.05063125,0.045896545,0.028298948,0.025596309,,,,,,,,
169,0.218503732,0.20140096,0.113074396,0.103134763,0.093976281,,,,,,,,
170,0.052347789,0.047460589,0.043008951,0.038957783,0.035274145,,,,,,,,
171,0.09183592,0.247567857,0.228856366,0.211162222,0.042995002,,,,,,,,
172,0.07543286,0.068546327,0.062246162,0.056489934,0.034979544,,,,,,,,
173,0.505719848,0.479942376,0.318119469,0.296174545,0.275132636,,,,,,,,
175,0.036248798,0.032812561,0.02969203,0.026860024,0.042531703,,,,,,,,
176,0.057935288,0.052555367,0.047649762,0.043181184,0.039114457,,,,,,,,
177,0.070824925,0.064329796,0.058392882,0.052972858,0.048030258,,,,,,,,
178,0.060439227,0.054840324,0.049732632,0.045077969,0.040840231,,,,,,,,
179,0.344312795,0.080993519,0.073639766,0.177614303,0.034979544,,,,,,,,
180,0.11769897,0.107402048,0.097905993,0.260973384,0.362375278,,,,,,,,
181,0.108862141,0.099251345,0.052763723,0.047839651,0.043354076,,,,,,,,
182,0.404576621,0.379991209,0.356006532,0.058622948,0.053182775,,,,,,,,
183,0.11223937,0.102364668,0.09326746,0.084902256,0.077223434,,,,,,,,
184,0.079261949,0.04953562,0.044898525,0.185589111,0.170500563,,,,,,,,
185,0.060934711,0.055292609,0.050145027,0.045453613,0.071180339,,,,,,,,
186,0.051918268,0.047069176,0.042652607,0.03863365,0.034979544,,,,,,,,
187,0.082179922,0.302671704,0.411259377,0.260973384,0.241573984,,,,,,,,
188,0.064078857,0.058163662,0.052763723,0.047839651,0.043354076,,,,,,,,
189,0.108862141,0.099251345,0.052763723,0.047839651,0.043354076,,,,,,,,
190,0.034419965,0.03115149,0.028184326,0.025492346,0.023051388,,,,,,,,
191,0.071774333,0.065198246,0.059186253,0.053696788,0.083680136,,,,,,,,
192,0.07443894,0.067636506,0.061414451,0.055730565,0.050544392,,,,,,,,
193,0.095168948,0.086649497,0.078826261,0.103134763,0.065088111,,,,,,,,
194,0.09717071,0.088489588,0.080514863,0.050344335,0.04563517,,,,,,,,
195,0.067373598,0.061174141,0.05551118,0.050344335,0.04563517,,,,,,,,
196,0.044541677,0.040352224,0.036541748,0.033078694,0.029933636,,,,,,,,
197,0.088153286,0.080206202,0.050145027,0.045453613,0.041182084,,,,,,,,
198,0.060290278,0.05470437,0.028423382,0.025709173,0.023247948,,,,,,,,
199,0.052347789,0.047460589,0.043008951,0.038957783,0.035274145,,,,,,,,
200,0.1293101,0.418583809,0.437471298,0.282197971,0.105328202,,,,,,,,
202,0.066829483,0.060676836,0.055057211,0.049930386,0.045258097,,,,,,,,
203,0.070824925,0.064329796,0.058392882,0.076926335,0.069913766,,,,,,,,
204,0.052347789,0.047460589,0.043008951,0.038957783,0.035274145,,,,,,,,
205,0.057935288,0.052555367,0.047649762,0.043181184,0.039114457,,,,,,,,
206,0.141882482,0.129781067,0.118569188,0.108205472,0.098646232,,,,,,,,
207,0.036248798,0.032812561,0.02969203,0.026860024,0.118010551,,,,,,,,
208,0.060934711,0.055292609,0.050145027,0.045453613,0.041182084,,,,,,,,
209,0.046882195,0.042482388,0.038478826,0.060508068,0.031531882,,,,,,,,
210,0.047272129,0.042837373,0.038801712,0.035132291,0.031798402,,,,,,,,
211,0.483895596,0.458199327,0.432723512,0.113493937,0.10352173,,,,,,,,
212,0.064078857,0.058163662,0.052763723,0.047839651,0.043354076,,,,,,,,
213,0.018377575,0.016606265,0.015003073,0.013552522,0.012240472,,,,,,,,
214,0.11223937,0.102364668,0.09326746,0.084902256,0.077223434,,,,,,,,
215,0.083267903,0.075724664,0.068813473,0.062490402,0.056712954,,,,,,,,
216,0.049339348,0.044719762,0.040514269,0.036689076,0.033212541,,,,,,,,
217,0.055074848,0.049946468,0.045272745,0.041017482,0.037146617,,,,,,,,
218,0.052347789,0.047460589,0.043008951,0.038957783,0.035274145,,,,,,,,
219,0.047272129,0.042837373,0.038801712,0.035132291,0.031798402,,,,,,,,
220,0.088153286,0.080206202,0.072918261,0.066244845,0.041182084,,,,,,,,
221,0.052347789,0.047460589,0.043008951,0.038957783,0.035274145,,,,,,,,
222,0.064078857,0.058163662,0.052763723,0.047839651,0.043354076,,,,,,,,
223,0.068280141,0.062002813,0.056267739,0.051034279,0.046263722,,,,,,,,
226,0.046882195,0.042482388,0.038478826,0.034838833,0.031531882,,,,,,,,
227,0.055074848,0.049946468,0.045272745,0.041017482,0.037146617,,,,,,,,
228,0.101981534,0.355049559,0.469769385,0.44417766,0.069913766,,,,,,,,
229,0.064078857,0.058163662,0.052763723,0.047839651,0.043354076,,,,,,,,
230,0.057935288,0.052555367,0.047649762,0.043181184,0.039114457,,,,,,,,
231,0.063559537,0.083587276,0.076017505,0.069081584,0.062735537,,,,,,,,
232,0.07443894,0.067636506,0.061414451,0.055730565,0.050544392,,,,,,,,
233,0.071774333,0.065198246,0.040514269,0.036689076,0.033212541,,,,,,,,
234,0.083267903,0.075724664,0.047256866,0.042823478,0.038789073,,,,,,,,
235,0.060934711,0.055292609,0.050145027,0.045453613,0.041182084,,,,,,,,
236,0.107002307,0.097537734,0.088827048,0.080824607,0.073484964,,,,,,,,
237,0.042312819,0.038324597,0.034698667,0.031404588,0.13582474,,,,,,,,
238,0.064078857,0.058163662,0.052763723,0.047839651,0.043354076,,,,,,,,
239,0.100163508,0.091242034,0.21431985,0.197461815,0.181623271,,,,,,,,
240,0.133146788,0.1216848,0.065453261,0.059419248,0.053909411,,,,,,,,
242,0.057935288,0.052555367,0.047649762,0.043181184,0.039114457,,,,,,,,
243,0.051363976,0.046564111,0.024094175,0.021784102,0.019691043,,,,,,,,
244,0.046882195,0.042482388,0.038478826,0.034838833,0.031531882,,,,,,,,
245,0.057935288,0.052555367,0.047649762,0.043181184,0.039114457,,,,,,,,
246,0.08745709,0.054840324,0.049732632,0.077684176,0.040840231,,,,,,,,
247,0.376964082,0.268097704,0.248346684,0.052538492,0.047634383,,,,,,,,
248,0.049339348,0.044719762,0.040514269,0.036689076,0.033212541,,,,,,,,
249,0.078221844,0.071100274,0.064581649,0.100000628,0.053182775,,,,,,,,
250,0.052347789,0.047460589,0.043008951,0.038957783,0.035274145,,,,,,,,
251,0.046379038,0.04202437,0.021695279,0.019610583,0.017722576,,,,,,,,
252,0.064078857,0.058163662,0.052763723,0.047839651,0.043354076,,,,,,,,
253,0.08745709,0.079567291,0.072332839,0.111496161,0.059653102,,,,,,,,
254,0.11223937,0.071100274,0.064581649,0.332723327,0.445209032,,,,,,,,
255,0.052347789,0.047460589,0.043008951,0.038957783,0.035274145,,,,,,,,
256,0.078221844,0.071100274,0.064581649,0.058622948,0.091092193,,,,,,,,
257,0.374309606,0.091242034,0.048304657,0.197461815,0.283658035,,,,,,,,
258,0.089011065,0.080993519,0.042652607,0.03863365,0.034979544,,,,,,,,
259,0.083267903,0.075724664,0.068813473,0.26374821,0.244210705,,,,,,,,
260,0.452201232,0.333227824,0.273469855,0.25346012,0.053909411,,,,,,,,
261,0.123387227,0.112656207,0.102749077,0.093621269,0.085227315,,,,,,,,
263,0.376964082,0.353061671,0.329872409,0.128470213,0.211858768,,,,,,,,
264,0.064078857,0.058163662,0.052763723,0.212613729,0.302927497,,,,,,,,
265,0.101188247,0.092184851,0.083907762,0.052538492,0.081931065,,,,,,,,
266,0.10376424,0.455390929,0.42994735,0.203768216,0.041182084,,,,,,,,
267,0.051918268,0.068546327,0.062246162,0.056489934,0.224947838,,,,,,,,
268,0.284329853,0.042837373,0.067187536,0.035132291,0.046648764,,,,,,,,
269,0.060934711,0.055292609,0.050145027,0.045453613,0.041182084,,,,,,,,
270,0.209478366,0.19290765,0.107803102,0.369375319,0.485241371,,,,,,,,
271,0.044913062,0.040690166,0.036849003,0.033357839,0.030187069,,,,,,,,
272,0.227385527,0.047069176,0.042652607,0.03863365,0.034979544,,,,,,,,
273,0.064078857,0.058163662,0.052763723,0.047839651,0.043354076,,,,,,,,
274,0.053063656,0.032812561,0.02969203,0.026860024,0.024291372,,,,,,,,
275,0.293569336,0.065198246,0.059186253,0.053696788,0.048690116,,,,,,,,
277,0.068280141,0.062002813,0.056267739,0.051034279,0.046263722,,,,,,,,
278,0.034419965,0.03115149,0.028184326,0.025492346,0.023051388,,,,,,,,
279,0.040190801,0.03639499,0.032945368,0.029812596,0.02696941,,,,,,,,
280,0.083267903,0.052124237,0.047256866,0.042823478,0.038789073,,,,,,,,
281,0.044541677,0.040352224,0.036541748,0.033078694,0.029933636,,,,,,,,
282,0.07443894,0.097537734,0.061414451,0.055730565,0.050544392,,,,,,,,
283,0.038491368,0.162521301,0.237988229,0.219789283,0.202611976,,,,,,,,
284,0.135473348,0.086649497,0.078826261,0.071653941,0.065088111,,,,,,,,
286,0.101981534,0.064329796,0.058392882,0.052972858,0.048030258,,,,,,,,
287,0.051918268,0.047069176,0.042652607,0.03863365,0.034979544,,,,,,,,
288,0.184061598,0.169071457,0.064581649,0.058622948,0.091092193,,,,,,,,
289,0.11223937,0.102364668,0.09326746,0.084902256,0.310229319,,,,,,,,
290,0.044541677,0.040352224,0.036541748,0.033078694,0.029933636,,,,,,,,
291,0.044541677,0.040352224,0.036541748,0.033078694,0.029933636,,,,,,,,
292,0.055074848,0.049946468,0.045272745,0.041017482,0.037146617,,,,,,,,
293,0.057935288,0.052555367,0.047649762,0.043181184,0.039114457,,,,,,,,
294,0.057462701,0.052124237,0.047256866,0.073925189,0.038789073,,,,,,,,
295,0.096410828,0.340902828,0.35844611,0.220239926,0.312507428,,,,,,,,
296,0.079898621,0.049946468,0.045272745,0.070904703,0.037146617,,,,,,,,
297,0.043255966,0.026642545,0.024094175,0.021784102,0.019691043,,,,,,,,
298,0.054624241,0.04953562,0.065453261,0.377248694,0.353338471,,,,,,,,
299,0.218503732,0.20140096,0.406590449,0.524422443,0.498653406,,,,,,,,
300,0.057462701,0.052124237,0.047256866,0.042823478,0.038789073,,,,,,,,
301,0.051918268,0.047069176,0.042652607,0.03863365,0.034979544,,,,,,,,
302,0.036248798,0.032812561,0.02969203,0.026860024,0.024291372,,,,,,,,
303,0.10376424,0.134639104,0.086085972,0.045453613,0.041182084,,,,,,,,
304,0.060934711,0.055292609,0.050145027,0.045453613,0.041182084,,,,,,,,
305,0.079898621,0.072636421,0.045272745,0.041017482,0.037146617,,,,,,,,
306,0.070824925,0.064329796,0.058392882,0.076926335,0.069913766,,,,,,,,
307,0.107002307,0.097537734,0.088827048,0.080824607,0.073484964,,,,,,,,
308,0.049339348,0.044719762,0.040514269,0.036689076,0.033212541,,,,,,,,
309,0.049748653,0.045092562,0.04085351,0.036997522,0.033492776,,,,,,,,
310,0.036248798,0.032812561,0.02969203,0.026860024,0.024291372,,,,,,,,
312,0.054624241,0.04953562,0.044898525,0.040676937,0.036836976,,,,,,,,
313,0.068835196,0.062510263,0.05673109,0.051456884,0.046648764,,,,,,,,
314,0.021518692,0.019450627,0.017577744,0.015882278,0.014347961,,,,,,,,
315,0.092563438,0.058163662,0.052763723,0.047839651,0.043354076,,,,,,,,
316,0.038170961,0.034559045,0.031277791,0.028298948,0.025596309,,,,,,,,
317,0.049339348,0.044719762,0.040514269,0.036689076,0.033212541,,,,,,,,
318,0.051918268,0.047069176,0.042652607,0.03863365,0.034979544,,,,,,,,
319,0.049339348,0.044719762,0.040514269,0.036689076,0.048690116,,,,,,,,
320,0.040190801,0.03639499,0.032945368,0.029812596,0.02696941,,,,,,,,
321,0.11769897,0.107402048,0.097905993,0.089165669,0.081135438,,,,,,,,
322,0.057935288,0.052555367,0.047649762,0.302046284,0.179501809,,,,,,,,
323,0.040190801,0.03639499,0.032945368,0.029812596,0.02696941,,,,,,,,
324,0.046882195,0.042482388,0.038478826,0.034838833,0.031531882,,,,,,,,
325,0.060934711,0.055292609,0.050145027,0.045453613,0.041182084,,,,,,,,
327,0.339965022,0.317214174,0.295304655,0.274300462,0.25425122,,,,,,,,
328,0.027956432,0.025285653,0.022864022,0.020669394,0.018681393,,,,,,,,
329,0.042312819,0.038324597,0.034698667,0.031404588,0.028414023,,,,,,,,
330,0.068280141,0.062002813,0.056267739,0.087553837,0.079656073,,,,,,,,
331,0.052347789,0.047460589,0.043008951,0.038957783,0.061243765,,,,,,,,
332,0.08745709,0.079567291,0.049732632,0.045077969,0.040840231,,,,,,,,
333,0.057935288,0.052555367,0.047649762,0.043181184,0.039114457,,,,,,,,
334,0.07543286,0.047069176,0.042652607,0.03863365,0.034979544,,,,,,,,
335,0.054624241,0.04953562,0.044898525,0.040676937,0.036836976,,,,,,,,
336,0.032680272,0.029571936,0.02675107,0.035621582,0.032242814,,,,,,,,
337,0.53250682,0.506763833,0.258499087,0.0801812,0.123030313,,,,,,,,
338,0.060934711,0.055292609,0.050145027,0.045453613,0.041182084,,,,,,,,
339,0.135473348,0.12383969,0.113074396,0.103134763,0.093976281,,,,,,,,
340,0.049748653,0.045092562,0.070630053,0.036997522,0.049094313,,,,,,,,
341,0.505719848,0.103345058,0.094169862,0.049930386,0.045258097,,,,,,,,
342,0.328028513,0.075724664,0.068813473,0.26374821,0.244210705,,,,,,,,
343,0.358524059,0.085757946,0.312580254,0.041017482,0.064402765,,,,,,,,
344,0.600423371,0.575438504,0.550062083,0.381961165,0.357923927,,,,,,,,
345,0.031025683,0.028070154,0.025388795,0.022957518,0.020754107,,,,,,,,
346,0.313217697,0.071100274,0.064581649,0.332723327,0.091092193,,,,,,,,
347,0.022678143,0.020500983,0.018528873,0.029486969,0.015127017,,,,,,,,
348,0.057935288,0.052555367,0.047649762,0.043181184,0.039114457,,,,,,,,
349,0.026534448,0.023996163,0.021695279,0.019610583,0.017722576,,,,,,,,
350,0.031025683,0.028070154,0.025388795,0.022957518,0.020754107,,,,,,,,
351,0.135473348,0.12383969,0.185319416,0.071653941,0.093976281,,,,,,,,
353,0.119719798,0.109267979,0.058392882,0.052972858,0.082587253,,,,,,,,
355,0.11769897,0.107402048,0.115026175,0.061655642,0.055950765,,,,,,,,
356,0.222048535,0.045713998,0.041419061,0.025492346,0.023051388,,,,,,,,
357,0.064078857,0.058163662,0.052763723,0.047839651,0.043354076,,,,,,,,
358,0.057462701,0.052124237,0.047256866,0.042823478,0.038789073,,,,,,,,
359,0.081330264,0.073948396,0.067187536,0.035132291,0.031798402,,,,,,,,
360,0.62587484,0.503179641,0.432723512,0.407598547,0.382947605,,,,,,,,
361,0.07543286,0.068546327,0.062246162,0.056489934,0.051236931,,,,,,,,
362,0.068835196,0.042837373,0.038801712,0.035132291,0.031798402,,,,,,,,
363,0.339965022,0.054840324,0.334156455,0.045077969,0.040840231,,,,,,,,
364,0.547993869,0.169071457,0.356006532,0.332723327,0.12991797,,,,,,,,
367,0.1293101,0.118133385,0.107803102,0.098275491,0.061897719,,,,,,,,
368,0.095168948,0.12383969,0.113074396,0.103134763,0.093976281,,,,,,,,
369,0.025182919,0.022770897,0.02058502,0.01860498,0.140872384,,,,,,,,
370,0.083933819,0.076335279,0.069372541,0.063001575,0.057179749,,,,,,,,
371,0.107002307,0.097537734,0.061414451,0.055730565,0.050544392,,,,,,,,
372,0.389648735,0.06709042,0.258499087,0.055274907,0.086059309,,,,,,,,
373,0.123387227,0.112656207,0.380975697,0.15561813,0.085227315,,,,,,,,
374,0.083267903,0.052124237,0.047256866,0.042823478,0.038789073,,,,,,,,
375,0.052347789,0.047460589,0.043008951,0.038957783,0.035274145,,,,,,,,
376,0.052347789,0.047460589,0.043008951,0.038957783,0.035274145,,,,,,,,
377,0.042312819,0.038324597,0.034698667,0.031404588,0.028414023,,,,,,,,
378,0.11769897,0.107402048,0.067900366,0.061655642,0.055950765,,,,,,,,
379,0.071023932,0.06451182,0.03368706,0.030485984,0.027580404,,,,,,,,
380,0.076791163,0.069789985,0.036541748,0.033078694,0.029933636,,,,,,,,
381,0.107002307,0.097537734,0.088827048,0.080824607,0.073484964,,,,,,,,
382,0.051918268,0.047069176,0.042652607,0.03863365,0.034979544,,,,,,,,
383,0.060934711,0.055292609,0.050145027,0.066244845,0.041182084,,,,,,,,
384,0.200730041,0.549028188,0.523380682,0.093621269,0.085227315,,,,,,,,
385,0.083267903,0.075724664,0.068813473,0.062490402,0.056712954,,,,,,,,
386,0.11769897,0.107402048,0.097905993,0.344743028,0.362375278,,,,,,,,
387,0.061760353,0.056046365,0.223494838,0.148393599,0.028414023,,,,,,,,
388,0.060934711,0.055292609,0.050145027,0.045453613,0.041182084,,,,,,,,
390,0.070824925,0.064329796,0.058392882,0.052972858,0.048030258,,,,,,,,
391,0.08745709,0.079567291,0.072332839,0.065709204,0.059653102,,,,,,,,
392,0.092563438,0.058163662,0.052763723,0.047839651,0.26625471,,,,,,,,
393,0.051918268,0.047069176,0.042652607,0.03863365,0.034979544,,,,,,,,
394,0.06226595,0.056508002,0.034990988,0.031670068,0.02865497,,,,,,,,
395,0.040190801,0.03639499,0.032945368,0.029812596,0.02696941,,,,,,,,
396,0.092563438,0.330871364,0.128976647,0.117824853,0.063248579,,,,,,,,
397,0.046882195,0.042482388,0.038478826,0.034838833,0.031531882,,,,,,,,
398,0.051918268,0.047069176,0.042652607,0.03863365,0.034979544,,,,,,,,
399,0.040190801,0.03639499,0.032945368,0.029812596,0.02696941,,,,,,,,
401,0.051918268,0.047069176,0.042652607,0.03863365,0.034979544,,,,,,,,
402,0.044541677,0.058954115,0.036541748,0.033078694,0.029933636,,,,,,,,
403,0.060934711,0.055292609,0.050145027,0.045453613,0.060142554,,,,,,,,
404,0.057935288,0.052555367,0.047649762,0.043181184,0.039114457,,,,,,,,
405,0.060439227,0.054840324,0.049732632,0.045077969,0.040840231,,,,,,,,
406,0.061760353,0.056046365,0.050832387,0.046079785,0.041751985,,,,,,,,
407,0.064944155,0.040352224,0.036541748,0.033078694,0.029933636,,,,,,,,
408,0.064078857,0.058163662,0.052763723,0.047839651,0.043354076,,,,,,,,
409,0.022678143,0.020500983,0.018528873,0.016743229,0.015127017,,,,,,,,
412,0.038170961,0.034559045,0.031277791,0.028298948,0.025596309,,,,,,,,
413,0.076041315,0.069103385,0.06275547,0.056955004,0.035274145,,,,,,,,
414,0.060934711,0.055292609,0.050145027,0.045453613,0.041182084,,,,,,,,
415,0.123387227,0.405583138,0.523380682,0.356964657,0.471850561,,,,,,,,
416,0.034710022,0.0314149,0.028423382,0.025709173,0.023247948,,,,,,,,
417,0.051918268,0.047069176,0.042652607,0.03863365,0.034979544,,,,,,,,
418,0.060934711,0.055292609,0.297116698,0.404868533,0.255902832,,,,,,,,
419,0.085431052,0.077708465,0.04085351,0.036997522,0.033492776,,,,,,,,
420,0.07543286,0.047069176,0.042652607,0.03863365,0.034979544,,,,,,,,
421,0.379007707,0.064329796,0.09962536,0.052972858,0.048030258,,,,,,,,
422,0.040190801,0.03639499,0.032945368,0.029812596,0.02696941,,,,,,,,
423,0.034419965,0.03115149,0.028184326,0.025492346,0.023051388,,,,,,,,
424,0.046882195,0.042482388,0.038478826,0.034838833,0.031531882,,,,,,,,
425,0.079261949,0.072053087,0.065453261,0.059419248,0.036836976,,,,,,,,
426,0.042312819,0.038324597,0.050832387,0.046079785,0.028414023,,,,,,,,
427,0.057462701,0.052124237,0.047256866,0.042823478,0.038789073,,,,,,,,
428,0.034419965,0.03115149,0.028184326,0.025492346,0.023051388,,,,,,,,
429,0.031025683,0.028070154,0.025388795,0.040237567,0.10225633,,,,,,,,
430,0.054624241,0.04953562,0.044898525,0.040676937,0.036836976,,,,,,,,
431,0.046882195,0.042482388,0.038478826,0.034838833,0.031531882,,,,,,,,
432,0.62587484,0.601424977,0.57645856,0.551095546,0.525463992,,,,,,,,
433,0.108862141,0.099251345,0.052763723,0.047839651,0.043354076,,,,,,,,
434,0.057935288,0.052555367,0.047649762,0.043181184,0.039114457,,,,,,,,
436,0.086319526,0.07852352,0.102749077,0.093621269,0.058853864,,,,,,,,
437,0.032680272,0.029571936,0.02675107,0.024192577,0.021873282,,,,,,,,
439,0.052347789,0.047460589,0.043008951,0.067449771,0.035274145,,,,,,,,
440,0.064078857,0.058163662,0.052763723,0.047839651,0.043354076,,,,,,,,
441,0.061760353,0.038324597,0.034698667,0.054686845,0.028414023,,,,,,,,
442,0.047272129,0.042837373,0.038801712,0.035132291,0.031798402,,,,,,,,
443,0.364445798,0.340902828,0.318119469,0.296174545,0.275132636,,,,,,,,
444,0.064078857,0.058163662,0.052763723,0.047839651,0.043354076,,,,,,,,
445,0.559107702,0.533546412,0.366382787,0.482027648,0.319934184,,,,,,,,
446,0.135473348,0.12383969,0.113074396,0.071653941,0.357923927,,,,,,,,
447,0.042312819,0.038324597,0.034698667,0.031404588,0.028414023,,,,,,,,
448,0.046882195,0.042482388,0.038478826,0.034838833,0.031531882,,,,,,,,
449,0.049748653,0.045092562,0.04085351,0.036997522,0.033492776,,,,,,,,
450,0.044541677,0.040352224,0.036541748,0.033078694,0.029933636,,,,,,,,
451,0.054042706,0.04900545,0.044415666,0.040237567,0.053335057,,,,,,,,
452,0.027956432,0.025285653,0.022864022,0.020669394,0.018681393,,,,,,,,
454,0.067373598,0.088489588,0.080514863,0.073201108,0.066503663,,,,,,,,
455,0.042312819,0.038324597,0.034698667,0.031404588,0.028414023,,,,,,,,
456,0.044541677,0.040352224,0.036541748,0.033078694,0.029933636,,,,,,,,
457,0.049339348,0.044719762,0.059186253,0.036689076,0.033212541,,,,,,,,
458,0.052347789,0.047460589,0.043008951,0.056955004,0.051661122,,,,,,,,
459,0.09183592,0.083587276,0.076017505,0.069081584,0.062735537,,,,,,,,
460,0.063559537,0.057689327,0.052330977,0.047445268,0.042995002,,,,,,,,
461,0.430674187,0.112656207,0.169659022,0.15561813,0.058853864,,,,,,,,
462,0.389648735,0.365413748,0.341841881,0.0801812,0.123030313,,,,,,,,
463,0.076791163,0.069789985,0.036541748,0.033078694,0.029933636,,,,,,,,
465,0.123387227,0.07852352,0.102749077,0.093621269,0.085227315,,,,,,,,
467,0.057935288,0.052555367,0.047649762,0.043181184,0.039114457,,,,,,,,
468,0.039025549,0.023996163,0.021695279,0.019610583,0.017722576,,,,,,,,
470,0.046882195,0.042482388,0.096152843,0.034838833,0.031531882,,,,,,,,
471,0.070824925,0.064329796,0.058392882,0.052972858,0.048030258,,,,,,,,
472,0.086319526,0.07852352,0.071376612,0.27145555,0.100377151,,,,,,,,
474,0.044913062,0.040690166,0.170548506,0.15644787,0.030187069,,,,,,,,
476,0.082179922,0.074727209,0.067900366,0.061655642,0.055950765,,,,,,,,
477,0.049339348,0.044719762,0.040514269,0.036689076,0.033212541,,,,,,,,
478,0.055074848,0.072636421,0.078008329,0.041017482,0.037146617,,,,,,,,
480,0.049339348,0.044719762,0.040514269,0.036689076,0.033212541,,,,,,,,
481,0.1293101,0.082495498,0.075016505,0.068165179,0.061897719,,,,,,,,
482,0.057935288,0.052555367,0.047649762,0.043181184,0.039114457,,,,,,,,
483,0.038170961,0.034559045,0.031277791,0.028298948,0.025596309,,,,,,,,
484,0.123387227,0.07852352,0.071376612,0.06483442,0.058853864,,,,,,,,
485,0.067373598,0.061174141,0.05551118,0.050344335,0.04563517,,,,,,,,
486,0.055074848,0.049946468,0.045272745,0.041017482,0.037146617,,,,,,,,
487,0.051918268,0.068546327,0.062246162,0.056489934,0.034979544,,,,,,,,
488,0.030117817,0.018453072,0.016674609,0.01506492,0.013608472,,,,,,,,
489,0.139463611,0.127537843,0.068813473,0.062490402,0.09688125,,,,,,,,
490,0.07543286,0.047069176,0.042652607,0.03863365,0.034979544,,,,,,,,
491,0.054624241,0.04953562,0.044898525,0.040676937,0.036836976,,,,,,,,
492,0.083267903,0.052124237,0.047256866,0.042823478,0.178225188,,,,,,,,
493,0.055074848,0.049946468,0.045272745,0.041017482,0.037146617,,,,,,,,
494,0.027956432,0.025285653,0.022864022,0.020669394,0.018681393,,,,,,,,
495,0.053063656,0.048113015,0.043602983,0.039498171,0.035765338,,,,,,,,
496,0.070824925,0.09291485,0.084578323,0.076926335,0.069913766,,,,,,,,
497,0.096410828,0.060676836,0.055057211,0.049930386,0.045258097,,,,,,,,
498,0.073071963,0.066385488,0.034698667,0.031404588,0.028414023,,,,,,,,
499,0.064944155,0.058954115,0.053484956,0.048497023,0.043952657,,,,,,,,
502,0.483895596,0.458199327,0.57645856,0.551095546,0.525463992,,,,,,,,
503,0.101188247,0.092184851,0.083907762,0.22959429,0.211858768,,,,,,,,
504,0.090647058,0.082495498,0.075016505,0.068165179,0.061897719,,,,,,,,
505,0.044541677,0.040352224,0.036541748,0.033078694,0.029933636,,,,,,,,
506,0.032956169,0.141780162,0.129686155,0.118481358,0.108124378,,,,,,,,
507,0.064078857,0.058163662,0.052763723,0.047839651,0.043354076,,,,,,,,
508,0.040190801,0.03639499,0.032945368,0.029812596,0.02696941,,,,,,,,
509,0.057935288,0.052555367,0.047649762,0.043181184,0.039114457,,,,,,,,
510,0.086319526,0.07852352,0.071376612,0.06483442,0.085227315,,,,,,,,
511,0.06951933,0.063135798,0.032945368,0.029812596,0.02696941,,,,,,,,
512,0.083267903,0.075724664,0.284260887,0.38993693,0.365694758,,,,,,,,
513,0.088153286,0.055292609,0.050145027,0.045453613,0.041182084,,,,,,,,
514,0.096410828,0.060676836,0.055057211,0.049930386,0.045258097,,,,,,,,
515,0.054624241,0.04953562,0.044898525,0.040676937,0.036836976,,,,,,,,
516,0.11769897,0.107402048,0.097905993,0.089165669,0.081135438,,,,,,,,
518,0.068280141,0.042482388,0.038478826,0.034838833,0.031531882,,,,,,,,
519,0.101981534,0.09291485,0.084578323,0.076926335,0.069913766,,,,,,,,
520,0.09717071,0.088489588,0.05551118,0.073201108,0.04563517,,,,,,,,
521,0.07443894,0.067636506,0.061414451,0.055730565,0.050544392,,,,,,,,
522,0.110260931,0.100540577,0.053484956,0.048497023,0.043952657,,,,,,,,
523,0.064078857,0.058163662,0.052763723,0.047839651,0.043354076,,,,,,,,
524,0.070083701,0.063651891,0.033223426,0.030065035,0.039989289,,,,,,,,
525,0.055074848,0.049946468,0.045272745,0.041017482,0.037146617,,,,,,,,
526,0.044541677,0.040352224,0.053484956,0.048497023,0.029933636,,,,,,,,
527,0.025182919,0.022770897,0.02058502,0.092464404,0.084164542,,,,,,,,
528,0.038170961,0.034559045,0.031277791,0.028298948,0.025596309,,,,,,,,
529,0.060934711,0.055292609,0.050145027,0.078309252,0.041182084,,,,,,,,
530,0.057935288,0.052555367,0.047649762,0.043181184,0.039114457,,,,,,,,
531,0.052347789,0.047460589,0.043008951,0.038957783,0.035274145,,,,,,,,
532,0.088153286,0.080206202,0.221016378,0.203768216,0.187542039,,,,,,,,
533,0.042312819,0.038324597,0.050832387,0.046079785,0.041751985,,,,,,,,
534,0.040190801,0.03639499,0.032945368,0.029812596,0.02696941,,,,,,,,
535,0.044541677,0.040352224,0.036541748,0.033078694,0.029933636,,,,,,,,
537,0.07443894,0.067636506,0.061414451,0.080824607,0.073484964,,,,,,,,
538,0.060934711,0.055292609,0.050145027,0.045453613,0.041182084,,,,,,,,
539,0.064078857,0.058163662,0.052763723,0.047839651,0.043354076,,,,,,,,
540,0.054624241,0.04953562,0.044898525,0.040676937,0.036836976,,,,,,,,
541,0.457162659,0.431698557,0.113074396,0.103134763,0.093976281,,,,,,,,
542,0.060934711,0.055292609,0.050145027,0.045453613,0.060142554,,,,,,,,
543,0.107002307,0.067636506,0.260168665,0.095273337,0.086745437,,,,,,,,
544,0.587481618,0.462998494,0.437471298,0.068165179,0.105328202,,,,,,,,
545,0.172821099,0.15856849,0.08698061,0.315919294,0.121491647,,,,,,,,
546,0.08745709,0.054840324,0.049732632,0.045077969,0.040840231,,,,,,,,
547,0.101981534,0.064329796,0.058392882,0.052972858,0.048030258,,,,,,,,
548,0.038170961,0.034559045,0.031277791,0.028298948,0.025596309,,,,,,,,
549,0.042312819,0.038324597,0.034698667,0.031404588,0.028414023,,,,,,,,
550,0.049339348,0.044719762,0.040514269,0.036689076,0.033212541,,,,,,,,
551,0.100163508,0.091242034,0.048304657,0.043777487,0.039656928,,,,,,,,
552,0.061760353,0.241905479,0.223494838,0.046079785,0.041751985,,,,,,,,
553,0.054624241,0.04953562,0.044898525,0.040676937,0.036836976,,,,,,,,
555,0.106174583,0.096775289,0.088126045,0.0801812,0.072895351,,,,,,,,
556,0.070824925,0.064329796,0.058392882,0.052972858,0.048030258,,,,,,,,
557,0.587481618,0.19290765,0.107803102,0.098275491,0.149225514,,,,,,,,
558,0.038170961,0.034559045,0.031277791,0.028298948,0.025596309,,,,,,,,
559,0.057935288,0.052555367,0.047649762,0.043181184,0.039114457,,,,,,,,
560,0.065473997,0.059438194,0.053926701,0.0488997,0.044319358,,,,,,,,
561,0.034419965,0.03115149,0.028184326,0.025492346,0.023051388,,,,,,,,
562,0.184061598,0.423292218,0.39833034,0.250756668,0.231878437,,,,,,,,
563,0.078221844,0.071100274,0.064581649,0.058622948,0.053182775,,,,,,,,
564,0.057935288,0.052555367,0.047649762,0.043181184,0.039114457,,,,,,,,
565,0.140510057,0.442116367,0.069372541,0.063001575,0.057179749,,,,,,,,
566,0.057935288,0.052555367,0.047649762,0.043181184,0.039114457,,,,,,,,
567,0.101188247,0.092184851,0.140469128,0.076311383,0.069350662,,,,,,,,
568,0.09183592,0.083587276,0.076017505,0.069081584,0.062735537,,,,,,,,
569,0.049748653,0.045092562,0.04085351,0.036997522,0.033492776,,,,,,,,
570,0.078221844,0.071100274,0.064581649,0.332723327,0.350069251,,,,,,,,
571,0.053063656,0.048113015,0.043602983,0.039498171,0.035765338,,,,,,,,
572,0.123387227,0.112656207,0.102749077,0.093621269,0.085227315,,,,,,,,
573,0.066665903,0.060527339,0.031542234,0.028538948,0.025813997,,,,,,,,
574,0.060934711,0.055292609,0.050145027,0.066244845,0.102476055,,,,,,,,
575,0.044541677,0.058954115,0.053484956,0.033078694,0.029933636,,,,,,,,
576,0.083267903,0.075724664,0.047256866,0.042823478,0.038789073,,,,,,,,
577,0.049339348,0.044719762,0.040514269,0.036689076,0.033212541,,,,,,,,
578,0.079261949,0.072053087,0.065453261,0.101298498,0.053909411,,,,,,,,
579,0.08745709,0.079567291,0.072332839,0.045077969,0.040840231,,,,,,,,
580,0.107002307,0.097537734,0.088827048,0.080824607,0.073484964,,,,,,,,
581,0.051918268,0.047069176,0.042652607,0.03863365,0.034979544,,,,,,,,
582,0.057462701,0.052124237,0.047256866,0.042823478,0.038789073,,,,,,,,
583,0.071774333,0.065198246,0.040514269,0.036689076,0.033212541,,,,,,,,
584,0.064078857,0.058163662,0.052763723,0.047839651,0.043354076,,,,,,,,
585,0.078221844,0.071100274,0.356006532,0.470809846,0.445209032,,,,,,,,
586,0.038170961,0.034559045,0.031277791,0.028298948,0.025596309,,,,,,,,
587,0.049339348,0.044719762,0.040514269,0.036689076,0.033212541,,,,,,,,
588,0.352108285,0.328949802,0.30659369,0.081617457,0.074211629,,,,,,,,
589,0.060439227,0.054840324,0.049732632,0.045077969,0.040840231,,,,,,,,
590,0.055074848,0.049946468,0.045272745,0.041017482,0.037146617,,,,,,,,
591,0.051918268,0.047069176,0.042652607,0.03863365,0.034979544,,,,,,,,
592,0.068280141,0.062002813,0.056267739,0.051034279,0.046263722,,,,,,,,
593,0.049339348,0.044719762,0.040514269,0.053696788,0.033212541,,,,,,,,
594,0.044541677,0.040352224,0.036541748,0.033078694,0.052184133,,,,,,,,
595,0.040190801,0.03639499,0.032945368,0.029812596,0.02696941,,,,,,,,
596,0.076041315,0.047460589,0.043008951,0.038957783,0.035274145,,,,,,,,
597,0.08745709,0.054840324,0.049732632,0.045077969,0.040840231,,,,,,,,
598,0.067373598,0.061174141,0.05551118,0.050344335,0.04563517,,,,,,,,
599,0.076791163,0.069789985,0.036541748,0.033078694,0.029933636,,,,,,,,
600,0.135473348,0.12383969,0.078826261,0.071653941,0.065088111,,,,,,,,
601,0.042312819,0.038324597,0.034698667,0.031404588,0.028414023,,,,,,,,
602,0.051918268,0.047069176,0.042652607,0.03863365,0.034979544,,,,,,,,
603,0.044913062,0.040690166,0.036849003,0.033357839,0.030187069,,,,,,,,
604,0.068280141,0.062002813,0.17700506,0.340236954,0.079656073,,,,,,,,
605,0.057462701,0.052124237,0.047256866,0.042823478,0.038789073,,,,,,,,
606,0.08745709,0.317214174,0.427818283,0.274300462,0.25425122,,,,,,,,
607,0.083267903,0.052124237,0.047256866,0.042823478,0.038789073,,,,,,,,
608,0.114178591,0.104153295,0.05551118,0.050344335,0.04563517,,,,,,,,
609,0.049339348,0.044719762,0.040514269,0.036689076,0.033212541,,,,,,,,
610,0.064078857,0.058163662,0.090402954,0.082271358,0.043354076,,,,,,,,
611,0.067373598,0.061174141,0.05551118,0.050344335,0.04563517,,,,,,,,
612,0.051918268,0.047069176,0.042652607,0.177614303,0.034979544,,,,,,,,
613,0.049748653,0.045092562,0.04085351,0.036997522,0.033492776,,,,,,,,
614,0.060439227,0.079567291,0.072332839,0.274300462,0.378230412,,,,,,,,
615,0.052347789,0.047460589,0.043008951,0.038957783,0.035274145,,,,,,,,
616,0.057935288,0.052555367,0.047649762,0.043181184,0.039114457,,,,,,,,
617,0.113302397,0.146551247,0.055057211,0.049930386,0.045258097,,,,,,,,
619,0.066829483,0.060676836,0.055057211,0.049930386,0.045258097,,,,,,,,
620,0.057462701,0.052124237,0.047256866,0.042823478,0.038789073,,,,,,,,
621,0.11223937,0.071100274,0.09326746,0.058622948,0.053182775,,,,,,,,
622,0.070824925,0.064329796,0.058392882,0.052972858,0.048030258,,,,,,,,
623,0.044541677,0.040352224,0.036541748,0.033078694,0.029933636,,,,,,,,
624,0.044541677,0.040352224,0.036541748,0.033078694,0.029933636,,,,,,,,
625,0.057935288,0.052555367,0.047649762,0.043181184,0.039114457,,,,,,,,
626,0.049339348,0.044719762,0.040514269,0.036689076,0.033212541,,,,,,,,
627,0.055074848,0.049946468,0.045272745,0.059906904,0.054354461,,,,,,,,
628,0.046882195,0.042482388,0.038478826,0.060508068,0.148922182,,,,,,,,
629,0.034419965,0.03115149,0.028184326,0.025492346,0.023051388,,,,,,,,
630,0.040190801,0.03639499,0.032945368,0.029812596,0.02696941,,,,,,,,
631,0.200346669,0.184329877,0.232946151,0.08336044,0.043952657,,,,,,,,
632,0.052347789,0.047460589,0.043008951,0.038957783,0.035274145,,,,,,,,
633,0.061760353,0.056046365,0.050832387,0.046079785,0.041751985,,,,,,,,
634,0.054624241,0.04953562,0.044898525,0.040676937,0.063880999,,,,,,,,
635,0.086319526,0.07852352,0.071376612,0.06483442,0.058853864,,,,,,,,
636,0.064944155,0.058954115,0.053484956,0.048497023,0.043952657,,,,,,,,
637,0.044541677,0.040352224,0.053484956,0.033078694,0.029933636,,,,,,,,
638,0.042312819,0.038324597,0.034698667,0.031404588,0.028414023,,,,,,,,
639,0.107002307,0.067636506,0.061414451,0.080824607,0.073484964,,,,,,,,
640,0.089718416,0.081642867,0.043008951,0.038957783,0.035274145,,,,,,,,
642,0.078221844,0.071100274,0.064581649,0.058622948,0.053182775,,,,,,,,
643,0.095168948,0.337688582,0.078826261,0.071653941,0.065088111,,,,,,,,
644,0.055074848,0.049946468,0.045272745,0.070904703,0.037146617,,,,,,,,
645,0.064078857,0.084255512,0.052763723,0.069642667,0.043354076,,,,,,,,
646,0.111116552,0.101329359,0.053926701,0.21649474,0.307812603,,,,,,,,
647,0.060439227,0.054840324,0.049732632,0.045077969,0.040840231,,,,,,,,
650,0.227805899,0.588493431,0.563305149,0.108205472,0.163370888,,,,,,,,
651,0.052347789,0.047460589,0.043008951,0.038957783,0.035274145,,,,,,,,
652,0.231456916,0.032812561,0.226865062,0.026860024,0.024291372,,,,,,,,
653,0.379007707,0.355049559,0.058392882,0.090746984,0.048030258,,,,,,,,
654,0.047272129,0.042837373,0.067187536,0.035132291,0.031798402,,,,,,,,
655,0.1293101,0.118133385,0.107803102,0.098275491,0.089505454,,,,,,,,
656,0.060934711,0.055292609,0.050145027,0.045453613,0.041182084,,,,,,,,
657,0.057462701,0.052124237,0.047256866,0.042823478,0.038789073,,,,,,,,
658,0.040527447,0.036701058,0.033223426,0.030065035,0.02719845,,,,,,,,
659,0.107002307,0.097537734,0.088827048,0.080824607,0.073484964,,,,,,,,
660,0.068280141,0.062002813,0.038478826,0.051034279,0.031531882,,,,,,,,
661,0.029701796,0.026868885,0.024299406,0.0219701,0.019859532,,,,,,,,
662,0.082179922,0.074727209,0.067900366,0.061655642,0.055950765,,,,,,,,
663,0.07543286,0.068546327,0.062246162,0.03863365,0.034979544,,,,,,,,
664,0.339965022,0.079567291,0.295304655,0.274300462,0.25425122,,,,,,,,
665,0.373602558,0.349793626,0.326710612,0.30443764,0.28304476,,,,,,,,
666,0.082408006,0.074936298,0.039340024,0.035621582,0.032242814,,,,,,,,
667,0.051918268,0.047069176,0.042652607,0.03863365,0.034979544,,,,,,,,
668,0.057935288,0.052555367,0.047649762,0.043181184,0.039114457,,,,,,,,
670,0.046882195,0.192535619,0.038478826,0.034838833,0.031531882,,,,,,,,
671,0.054624241,0.04953562,0.044898525,0.040676937,0.036836976,,,,,,,,
672,0.060934711,0.055292609,0.050145027,0.045453613,0.041182084,,,,,,,,
673,0.481069544,0.455390929,0.297116698,0.276034105,0.255902832,,,,,,,,
674,0.082179922,0.074727209,0.067900366,0.061655642,0.055950765,,,,,,,,
675,0.123387227,0.112656207,0.102749077,0.15561813,0.085227315,,,,,,,,
676,0.125491829,0.114601701,0.061414451,0.095273337,0.050544392,,,,,,,,
677,0.481069544,0.455390929,0.42994735,0.276034105,0.255902832,,,,,,,,
678,0.042312819,0.038324597,0.034698667,0.031404588,0.028414023,,,,,,,,
679,0.070824925,0.064329796,0.058392882,0.052972858,0.048030258,,,,,,,,
680,0.040190801,0.168735785,0.154757058,0.227598461,0.129647904,,,,,,,,
681,0.09183592,0.083587276,0.076017505,0.069081584,0.264560042,,,,,,,,
682,0.11223937,0.102364668,0.09326746,0.332723327,0.091092193,,,,,,,,
683,0.064078857,0.058163662,0.052763723,0.047839651,0.043354076,,,,,,,,
684,0.051918268,0.047069176,0.19318577,0.27816237,0.163044313,,,,,,,,
685,0.078221844,0.071100274,0.064581649,0.058622948,0.053182775,,,,,,,,
687,0.036248798,0.032812561,0.02969203,0.026860024,0.024291372,,,,,,,,
688,0.047272129,0.042837373,0.038801712,0.035132291,0.031798402,,,,,,,,
690,0.108862141,0.099251345,0.052763723,0.047839651,0.043354076,,,,,,,,
691,0.054624241,0.04953562,0.044898525,0.040676937,0.036836976,,,,,,,,
692,0.402484484,0.101568737,0.092534972,0.058145097,0.090375086,,,,,,,,
693,0.046882195,0.042482388,0.038478826,0.034838833,0.031531882,,,,,,,,
694,0.094198779,0.085757946,0.045272745,0.041017482,0.037146617,,,,,,,,
695,0.040190801,0.03639499,0.032945368,0.029812596,0.02696941,,,,,,,,
696,0.051918268,0.047069176,0.042652607,0.03863365,0.034979544,,,,,,,,
698,0.036248798,0.032812561,0.02969203,0.026860024,0.024291372,,,,,,,,
699,0.02858913,0.025859515,0.023384243,0.037105276,0.019108308,,,,,,,,
700,0.16110027,0.14764175,0.080514863,0.073201108,0.066503663,,,,,,,,
701,0.038491368,0.034850232,0.031542234,0.028538948,0.025813997,,,,,,,,
702,0.381511527,0.357486219,0.2195235,0.202361577,0.186221215,,,,,,,,
703,0.064078857,0.058163662,0.052763723,0.047839651,0.043354076,,,,,,,,
704,0.073071963,0.066385488,0.034698667,0.031404588,0.028414023,,,,,,,,
705,0.064078857,0.058163662,0.052763723,0.047839651,0.043354076,,,,,,,,
706,0.131500574,0.120160656,0.109675144,0.142030067,0.077223434,,,,,,,,
707,0.070824925,0.064329796,0.058392882,0.052972858,0.048030258,,,,,,,,
708,0.282564443,0.262129351,0.066644816,0.060508068,0.206788667,,,,,,,,
709,0.329947339,0.076335279,0.047649762,0.302046284,0.280753618,,,,,,,,
710,0.040190801,0.03639499,0.032945368,0.051977941,0.02696941,,,,,,,,
711,0.071774333,0.065198246,0.059186253,0.053696788,0.048690116,,,,,,,,
712,0.123387227,0.07852352,0.071376612,0.356964657,0.471850561,,,,,,,,
713,0.040527447,0.036701058,0.033223426,0.030065035,0.02719845,,,,,,,,
714,0.060934711,0.055292609,0.050145027,0.045453613,0.041182084,,,,,,,,
715,0.064078857,0.058163662,0.052763723,0.047839651,0.043354076,,,,,,,,
716,0.107002307,0.097537734,0.148168121,0.080824607,0.073484964,,,,,,,,
717,0.051918268,0.047069176,0.042652607,0.03863365,0.034979544,,,,,,,,
718,0.036248798,0.032812561,0.02969203,0.026860024,0.024291372,,,,,,,,
719,0.047272129,0.042837373,0.038801712,0.035132291,0.031798402,,,,,,,,
720,0.038170961,0.034559045,0.031277791,0.028298948,0.025596309,,,,,,,,
721,0.376964082,0.092184851,0.057916791,0.052538492,0.047634383,,,,,,,,
722,0.057935288,0.052555367,0.081956564,0.043181184,0.039114457,,,,,,,,
723,0.055074848,0.049946468,0.045272745,0.041017482,0.037146617,,,,,,,,
724,0.027956432,0.025285653,0.022864022,0.020669394,0.018681393,,,,,,,,
725,0.135473348,0.12383969,0.113074396,0.103134763,0.065088111,,,,,,,,
726,0.064078857,0.058163662,0.052763723,0.047839651,0.043354076,,,,,,,,
727,0.060439227,0.054840324,0.049732632,0.045077969,0.040840231,,,,,,,,
728,0.052347789,0.047460589,0.043008951,0.038957783,0.035274145,,,,,,,,
730,0.036248798,0.032812561,0.02969203,0.026860024,0.024291372,,,,,,,,
731,0.063559537,0.057689327,0.052330977,0.047445268,0.042995002,,,,,,,,
732,0.044913062,0.040690166,0.036849003,0.033357839,0.030187069,,,,,,,,
733,0.047272129,0.042837373,0.038801712,0.035132291,0.031798402,,,,,,,,
734,0.060934711,0.055292609,0.050145027,0.045453613,0.041182084,,,,,,,,
735,0.055074848,0.072636421,0.065986964,0.059906904,0.054354461,,,,,,,,
736,0.049339348,0.044719762,0.040514269,0.036689076,0.033212541,,,,,,,,
738,0.047272129,0.042837373,0.038801712,0.035132291,0.031798402,,,,,,,,
739,0.04266645,0.038646241,0.034990988,0.031670068,0.02865497,,,,,,,,
740,0.055074848,0.049946468,0.045272745,0.041017482,0.037146617,,,,,,,,
741,0.11769897,0.107402048,0.115026175,0.061655642,0.055950765,,,,,,,,
742,0.07443894,0.067636506,0.061414451,0.055730565,0.050544392,,,,,,,,
743,0.054624241,0.04953562,0.044898525,0.040676937,0.053909411,,,,,,,,
745,0.046882195,0.192535619,0.066644816,0.162475173,0.148922182,,,,,,,,
746,0.364445798,0.087790991,0.13411386,0.072613593,0.065966076,,,,,,,,
747,0.060439227,0.054840324,0.049732632,0.077684176,0.040840231,,,,,,,,
748,0.1293101,0.118133385,0.107803102,0.16280083,0.345687111,,,,,,,,
749,0.123387227,0.112656207,0.380975697,0.497609273,0.471850561,,,,,,,,
750,0.09717071,0.088489588,0.080514863,0.073201108,0.405875282,,,,,,,,
751,0.044541677,0.040352224,0.036541748,0.033078694,0.029933636,,,,,,,,
753,0.123387227,0.112656207,0.102749077,0.356964657,0.471850561,,,,,,,,
754,0.083267903,0.075724664,0.068813473,0.062490402,0.056712954,,,,,,,,
755,0.227805899,0.210170837,0.118569188,0.108205472,0.098646232,,,,,,,,
756,0.064078857,0.058163662,0.052763723,0.047839651,0.043354076,,,,,,,,
757,0.151002496,0.562277468,0.536747685,0.369375319,0.345687111,,,,,,,,
758,0.090647058,0.082495498,0.075016505,0.068165179,0.061897719,,,,,,,,
759,0.083933819,0.076335279,0.069372541,0.063001575,0.057179749,,,,,,,,
760,0.063559537,0.057689327,0.052330977,0.047445268,0.062735537,,,,,,,,
761,0.051918268,0.047069176,0.042652607,0.03863365,0.034979544,,,,,,,,
762,0.054624241,0.04953562,0.044898525,0.040676937,0.036836976,,,,,,,,
763,0.032680272,0.029571936,0.02675107,0.024192577,0.021873282,,,,,,,,
765,0.064944155,0.058954115,0.036541748,0.033078694,0.029933636,,,,,,,,
766,0.07543286,0.068546327,0.062246162,0.096516433,0.051236931,,,,,,,,
767,0.070824925,0.064329796,0.058392882,0.052972858,0.082587253,,,,,,,,
768,0.064078857,0.058163662,0.052763723,0.047839651,0.043354076,,,,,,,,
769,0.125491829,0.508936326,0.088827048,0.080824607,0.073484964,,,,,,,,
770,0.046882195,0.042482388,0.038478826,0.162475173,0.237926767,,,,,,,,
771,0.054624241,0.04953562,0.044898525,0.040676937,0.036836976,,,,,,,,
773,0.027956432,0.025285653,0.022864022,0.020669394,0.018681393,,,,,,,,
774,0.052347789,0.047460589,0.043008951,0.038957783,0.035274145,,,,,,,,
776,0.086319526,0.07852352,0.071376612,0.06483442,0.058853864,,,,,,,,
777,0.064078857,0.058163662,0.052763723,0.047839651,0.043354076,,,,,,,,
779,0.407138611,0.382497525,0.238464781,0.428840977,0.403780983,,,,,,,,
780,0.064078857,0.058163662,0.052763723,0.047839651,0.043354076,,,,,,,,
781,0.054624241,0.04953562,0.044898525,0.040676937,0.036836976,,,,,,,,
782,0.060934711,0.055292609,0.050145027,0.045453613,0.041182084,,,,,,,,
783,0.11223937,0.102364668,0.356006532,0.470809846,0.077223434,,,,,,,,
784,0.044913062,0.040690166,0.036849003,0.033357839,0.030187069,,,,,,,,
785,0.031025683,0.028070154,0.025388795,0.022957518,0.020754107,,,,,,,,
786,0.052347789,0.047460589,0.043008951,0.038957783,0.035274145,,,,,,,,
787,0.032680272,0.029571936,0.02675107,0.024192577,0.021873282,,,,,,,,
788,0.038170961,0.034559045,0.031277791,0.028298948,0.025596309,,,,,,,,
789,0.09717071,0.088489588,0.05551118,0.086415135,0.04563517,,,,,,,,
790,0.07543286,0.283411898,0.105893533,0.056489934,0.051236931,,,,,,,,
791,0.078221844,0.071100274,0.064581649,0.058622948,0.053182775,,,,,,,,
792,0.07443894,0.067636506,0.061414451,0.055730565,0.050544392,,,,,,,,
794,0.110880589,0.020500983,0.092114523,0.14036766,0.076252148,,,,,,,,
795,0.036248798,0.032812561,0.141231606,0.129177348,0.118010551,,,,,,,,
796,0.055074848,0.049946468,0.045272745,0.041017482,0.037146617,,,,,,,,
797,0.318192998,0.072636421,0.065986964,0.25510835,0.09301702,,,,,,,,
799,0.051918268,0.047069176,0.042652607,0.03863365,0.034979544,,,,,,,,
800,0.268984677,0.24919056,0.230393977,0.212613729,0.195856441,,,,,,,,
801,0.070824925,0.064329796,0.058392882,0.052972858,0.048030258,,,,,,,,
802,0.05732064,0.051994646,0.026978307,0.024398626,0.022060023,,,,,,,,
803,0.038170961,0.034559045,0.031277791,0.028298948,0.025596309,,,,,,,,
804,0.096410828,0.060676836,0.079873707,0.049930386,0.045258097,,,,,,,,
805,0.038491368,0.034850232,0.031542234,0.028538948,0.124657131,,,,,,,,
806,0.096410828,0.087790991,0.079873707,0.049930386,0.045258097,,,,,,,,
808,0.141882482,0.129781067,0.118569188,0.108205472,0.098646232,,,,,,,,
809,0.044913062,0.040690166,0.053926701,0.0488997,0.030187069,,,,,,,,
810,0.587481618,0.562277468,0.393710036,0.282197971,0.261779712,,,,,,,,
811,0.055825811,0.05063125,0.045896545,0.041585204,0.037662867,,,,,,,,
812,0.057935288,0.052555367,0.047649762,0.043181184,0.039114457,,,,,,,,
813,0.049748653,0.045092562,0.04085351,0.036997522,0.033492776,,,,,,,,
814,0.051918268,0.047069176,0.042652607,0.03863365,0.034979544,,,,,,,,
815,0.046882195,0.042482388,0.066644816,0.034838833,0.237926767,,,,,,,,
816,0.422272974,0.495521078,0.331796695,0.309336292,0.287741585,,,,,,,,
817,0.09183592,0.083587276,0.052330977,0.116924371,0.106687021,,,,,,,,
818,0.547993869,0.522338716,0.496565161,0.470809846,0.445209032,,,,,,,,
819,0.040190801,0.03639499,0.032945368,0.029812596,0.02696941,,,,,,,,
820,0.064078857,0.058163662,0.052763723,0.047839651,0.043354076,,,,,,,,
821,0.018377575,0.016606265,0.015003073,0.013552522,0.012240472,,,,,,,,
822,0.057935288,0.052555367,0.047649762,0.043181184,0.039114457,,,,,,,,
823,0.1293101,0.118133385,0.107803102,0.098275491,0.089505454,,,,,,,,
824,0.067373598,0.061174141,0.05551118,0.050344335,0.04563517,,,,,,,,
825,0.044913062,0.040690166,0.036849003,0.033357839,0.030187069,,,,,,,,
826,0.042312819,0.038324597,0.034698667,0.031404588,0.028414023,,,,,,,,
827,0.044541677,0.040352224,0.036541748,0.033078694,0.029933636,,,,,,,,
828,0.328028513,0.30570649,0.284260887,0.26374821,0.244210705,,,,,,,,
829,0.038491368,0.034850232,0.031542234,0.028538948,0.025813997,,,,,,,,
830,0.179153294,0.164482308,0.150792035,0.138052962,0.126230126,,,,,,,,
831,0.054624241,0.072053087,0.065453261,0.101298498,0.053909411,,,,,,,,
832,0.067373598,0.061174141,0.05551118,0.073201108,0.04563517,,,,,,,,
833,0.049748653,0.065730015,0.059672118,0.054140183,0.049094313,,,,,,,,
834,0.078221844,0.071100274,0.064581649,0.058622948,0.053182775,,,,,,,,
835,0.049748653,0.045092562,0.04085351,0.036997522,0.033492776,,,,,,,,
836,0.049748653,0.045092562,0.04085351,0.036997522,0.033492776,,,,,,,,
837,0.070824925,0.064329796,0.058392882,0.052972858,0.048030258,,,,,,,,
838,0.049339348,0.044719762,0.040514269,0.036689076,0.033212541,,,,,,,,
839,0.057462701,0.052124237,0.047256866,0.042823478,0.038789073,,,,,,,,
840,0.16110027,0.14764175,0.080514863,0.073201108,0.066503663,,,,,,,,
841,0.049748653,0.045092562,0.04085351,0.036997522,0.033492776,,,,,,,,
842,0.107002307,0.097537734,0.088827048,0.080824607,0.050544392,,,,,,,,
843,0.040527447,0.036701058,0.033223426,0.030065035,0.02719845,,,,,,,,
844,0.049339348,0.065198246,0.040514269,0.036689076,0.033212541,,,,,,,,
845,0.060934711,0.055292609,0.050145027,0.045453613,0.041182084,,,,,,,,
846,0.060934711,0.055292609,0.050145027,0.045453613,0.041182084,,,,,,,,
847,0.049339348,0.044719762,0.040514269,0.036689076,0.033212541,,,,,,,,
848,0.054624241,0.04953562,0.044898525,0.040676937,0.036836976,,,,,,,,
849,0.042312819,0.038324597,0.034698667,0.031404588,0.028414023,,,,,,,,
850,0.07443894,0.067636506,0.061414451,0.055730565,0.050544392,,,,,,,,
851,0.047272129,0.042837373,0.038801712,0.035132291,0.031798402,,,,,,,,
852,0.106174583,0.096775289,0.341841881,0.455306868,0.297045918,,,,,,,,
853,0.054624241,0.04953562,0.044898525,0.040676937,0.036836976,,,,,,,,
854,0.123387227,0.112656207,0.102749077,0.15561813,0.085227315,,,,,,,,
855,0.082179922,0.074727209,0.067900366,0.104935273,0.055950765,,,,,,,,
856,0.072355586,0.065730015,0.059672118,0.036997522,0.033492776,,,,,,,,
857,0.086319526,0.07852352,0.071376612,0.06483442,0.058853864,,,,,,,,
858,0.057935288,0.052555367,0.047649762,0.043181184,0.039114457,,,,,,,,
859,0.046882195,0.042482388,0.038478826,0.034838833,0.031531882,,,,,,,,
860,0.057935288,0.052555367,0.047649762,0.043181184,0.039114457,,,,,,,,
861,0.038170961,0.034559045,0.031277791,0.028298948,0.025596309,,,,,,,,
862,0.052347789,0.047460589,0.043008951,0.038957783,0.035274145,,,,,,,,
863,0.09183592,0.083587276,0.076017505,0.069081584,0.062735537,,,,,,,,
864,0.044541677,0.040352224,0.036541748,0.033078694,0.029933636,,,,,,,,
865,0.052347789,0.047460589,0.043008951,0.038957783,0.035274145,,,,,,,,
866,0.049339348,0.044719762,0.040514269,0.036689076,0.033212541,,,,,,,,
869,0.060934711,0.055292609,0.050145027,0.045453613,0.041182084,,,,,,,,
870,0.079261949,0.072053087,0.065453261,0.040676937,0.036836976,,,,,,,,
871,0.052347789,0.047460589,0.043008951,0.056955004,0.035274145,,,,,,,,
872,0.044541677,0.040352224,0.036541748,0.033078694,0.029933636,,,,,,,,
873,0.088153286,0.080206202,0.050145027,0.045453613,0.041182084,,,,,,,,
874,0.046882195,0.062002813,0.038478826,0.034838833,0.031531882,,,,,,,,
875,0.080683184,0.073355359,0.038478826,0.034838833,0.031531882,,,,,,,,
876,0.036248798,0.032812561,0.02969203,0.026860024,0.024291372,,,,,,,,
877,0.067373598,0.061174141,0.05551118,0.050344335,0.04563517,,,,,,,,
878,0.364445798,0.340902828,0.318119469,0.335086372,0.045258097,,,,,,,,
879,0.067373598,0.061174141,0.05551118,0.050344335,0.04563517,,,,,,,,
880,0.055074848,0.049946468,0.045272745,0.041017482,0.037146617,,,,,,,,
881,0.053063656,0.048113015,0.043602983,0.039498171,0.035765338,,,,,,,,
882,0.044541677,0.040352224,0.036541748,0.033078694,0.029933636,,,,,,,,
883,0.101188247,0.268097704,0.370878571,0.347147028,0.081931065,,,,,,,,
884,0.067373598,0.061174141,0.05551118,0.050344335,0.04563517,,,,,,,,
885,0.049339348,0.044719762,0.040514269,0.036689076,0.033212541,,,,,,,,
886,0.443878544,0.118133385,0.393710036,0.511023787,0.149225514,,,,,,,,
887,0.05872283,0.053273913,0.048304657,0.043777487,0.039656928,,,,,,,,
888,0.09717071,0.061174141,0.05551118,0.050344335,0.04563517,,,,,,,,
889,0.049748653,0.045092562,0.04085351,0.036997522,0.033492776,,,,,,,,
890,0.328028513,0.30570649,0.284260887,0.38993693,0.244210705,,,,,,,,
891,0.040190801,0.053273913,0.032945368,0.029812596,0.02696941,,,,,,,,
892,0.064078857,0.058163662,0.052763723,0.047839651,0.043354076,,,,,,,,
893,0.054624241,0.04953562,0.044898525,0.040676937,0.036836976,,,,,,,,
895,0.057935288,0.052555367,0.047649762,0.043181184,0.039114457,,,,,,,,
897,0.078221844,0.071100274,0.064581649,0.058622948,0.053182775,,,,,,,,
898,0.09717071,0.088489588,0.080514863,0.073201108,0.066503663,,,,,,,,
899,0.041088677,0.037211354,0.03368706,0.030485984,0.027580404,,,,,,,,
900,0.308929413,0.287351292,0.169322421,0.155304175,0.142247763,,,,,,,,
902,0.049339348,0.044719762,0.070061614,0.063631692,0.033212541,,,,,,,,
905,0.07443894,0.067636506,0.061414451,0.240809592,0.050544392,,,,,,,,
906,0.034419965,0.03115149,0.028184326,0.025492346,0.023051388,,,,,,,,
907,0.07543286,0.068546327,0.062246162,0.096516433,0.087888073,,,,,,,,
908,0.140510057,0.090060099,0.047649762,0.043181184,0.039114457,,,,,,,,
909,0.060934711,0.055292609,0.050145027,0.066244845,0.041182084,,,,,,,,
910,0.11769897,0.074727209,0.067900366,0.061655642,0.055950765,,,,,,,,
911,0.049339348,0.044719762,0.040514269,0.036689076,0.033212541,,,,,,,,
912,0.07443894,0.067636506,0.061414451,0.080824607,0.073484964,,,,,,,,
913,0.070824925,0.064329796,0.058392882,0.052972858,0.048030258,,,,,,,,
914,0.364445798,0.340902828,0.238464781,0.049930386,0.077983954,,,,,,,,
915,0.051918268,0.047069176,0.042652607,0.03863365,0.257931181,,,,,,,,
917,0.209478366,0.19290765,0.107803102,0.369375319,0.345687111,,,,,,,,
918,0.046882195,0.042482388,0.038478826,0.034838833,0.031531882,,,,,,,,
919,0.038170961,0.034559045,0.031277791,0.028298948,0.025596309,,,,,,,,
920,0.060934711,0.055292609,0.050145027,0.045453613,0.041182084,,,,,,,,
921,0.046882195,0.042482388,0.038478826,0.034838833,0.031531882,,,,,,,,
922,0.146029635,0.133629584,0.072332839,0.111496161,0.059653102,,,,,,,,
923,0.042312819,0.176397458,0.161907636,0.148393599,0.13582474,,,,,,,,
924,0.055074848,0.049946468,0.045272745,0.041017482,0.037146617,,,,,,,,
925,0.025182919,0.022770897,0.02058502,0.01860498,0.016812127,,,,,,,,
927,0.017434075,0.015752244,0.014230307,0.012853495,0.011608323,,,,,,,,
928,0.046882195,0.042482388,0.038478826,0.034838833,0.031531882,,,,,,,,
929,0.11769897,0.107402048,0.097905993,0.089165669,0.081135438,,,,,,,,
930,0.047272129,0.042837373,0.05673109,0.342190828,0.150027226,,,,,,,,
931,0.322972273,0.390642479,0.366382787,0.061154678,0.360369292,,,,,,,,
933,0.070824925,0.064329796,0.058392882,0.052972858,0.048030258,,,,,,,,
934,0.304820728,0.283411898,0.262937979,0.243440647,0.224947838,,,,,,,,
935,0.064078857,0.058163662,0.052763723,0.069642667,0.043354076,,,,,,,,
936,0.038170961,0.034559045,0.031277791,0.028298948,0.025596309,,,,,,,,
937,0.137751707,0.125950901,0.067900366,0.061655642,0.055950765,,,,,,,,
938,0.082179922,0.107402048,0.097905993,0.089165669,0.081135438,,,,,,,,
939,0.08745709,0.079567291,0.072332839,0.274300462,0.059653102,,,,,,,,
940,0.05872283,0.053273913,0.21431985,0.051977941,0.129647904,,,,,,,,
941,0.038491368,0.034850232,0.031542234,0.028538948,0.124657131,,,,,,,,
942,0.052347789,0.047460589,0.043008951,0.038957783,0.035274145,,,,,,,,
943,0.073662892,0.066926248,0.034990988,0.031670068,0.02865497,,,,,,,,
944,0.027956432,0.025285653,0.022864022,0.020669394,0.018681393,,,,,,,,
946,0.071774333,0.065198246,0.059186253,0.16991068,0.247793629,,,,,,,,
948,0.046882195,0.042482388,0.038478826,0.034838833,0.031531882,,,,,,,,
949,0.053063656,0.048113015,0.043602983,0.026860024,0.024291372,,,,,,,,
950,0.08745709,0.079567291,0.072332839,0.065709204,0.040840231,,,,,,,,
951,0.040190801,0.03639499,0.032945368,0.029812596,0.047123553,,,,,,,,
952,0.032680272,0.029571936,0.02675107,0.024192577,0.021873282,,,,,,,,
953,0.057462701,0.052124237,0.047256866,0.042823478,0.038789073,,,,,,,,
954,0.052347789,0.047460589,0.043008951,0.038957783,0.035274145,,,,,,,,
955,0.082179922,0.074727209,0.067900366,0.061655642,0.055950765,,,,,,,,
956,0.078221844,0.071100274,0.064581649,0.058622948,0.053182775,,,,,,,,
957,0.042312819,0.038324597,0.050832387,0.046079785,0.028414023,,,,,,,,
958,0.052347789,0.047460589,0.043008951,0.067449771,0.035274145,,,,,,,,
959,0.376964082,0.092184851,0.083907762,0.090032326,0.047634383,,,,,,,,
960,0.10376424,0.094555753,0.050145027,0.045453613,0.041182084,,,,,,,,
961,0.057935288,0.052555367,0.047649762,0.074522462,0.039114457,,,,,,,,
962,0.060934711,0.055292609,0.050145027,0.045453613,0.041182084,,,,,,,,
963,0.060439227,0.054840324,0.049732632,0.045077969,0.040840231,,,,,,,,
964,0.096410828,0.087790991,0.079873707,0.072613593,0.065966076,,,,,,,,
965,0.055074848,0.049946468,0.045272745,0.041017482,0.064402765,,,,,,,,
966,0.101188247,0.092184851,0.057916791,0.052538492,0.069350662,,,,,,,,
967,0.268984677,0.24919056,0.230393977,0.325141631,0.043354076,,,,,,,,
968,0.11223937,0.071100274,0.064581649,0.058622948,0.053182775,,,,,,,,
969,0.044541677,0.040352224,0.036541748,0.033078694,0.029933636,,,,,,,,
971,0.088153286,0.080206202,0.072918261,0.112360158,0.071180339,,,,,,,,
972,0.047272129,0.042837373,0.038801712,0.035132291,0.031798402,,,,,,,,
973,0.046882195,0.042482388,0.038478826,0.034838833,0.031531882,,,,,,,,
974,0.070824925,0.064329796,0.058392882,0.052972858,0.048030258,,,,,,,,
975,0.078221844,0.071100274,0.064581649,0.058622948,0.053182775,,,,,,,,
976,0.076041315,0.047460589,0.043008951,0.038957783,0.035274145,,,,,,,,
977,0.063559537,0.247567857,0.346201067,0.211162222,0.264560042,,,,,,,,
978,0.038074668,0.034471537,0.017728478,0.01601871,0.014471406,,,,,,,,
979,0.07443894,0.067636506,0.061414451,0.055730565,0.050544392,,,,,,,,
980,0.057462701,0.052124237,0.047256866,0.042823478,0.038789073,,,,,,,,
981,0.042312819,0.038324597,0.034698667,0.031404588,0.028414023,,,,,,,,
982,0.032680272,0.029571936,0.02675107,0.024192577,0.021873282,,,,,,,,
983,0.11769897,0.074727209,0.067900366,0.061655642,0.055950765,,,,,,,,
984,0.038170961,0.034559045,0.031277791,0.028298948,0.025596309,,,,,,,,
985,0.212916641,0.196141425,0.039340024,0.035621582,0.032242814,,,,,,,,
986,0.049339348,0.044719762,0.040514269,0.036689076,0.033212541,,,,,,,,
987,0.054624241,0.04953562,0.044898525,0.040676937,0.036836976,,,,,,,,
988,0.057935288,0.052555367,0.047649762,0.043181184,0.039114457,,,,,,,,
989,0.042312819,0.038324597,0.034698667,0.031404588,0.028414023,,,,,,,,
990,0.417567693,0.302671704,0.281352722,0.386531493,0.241573984,,,,,,,,
991,0.128041141,0.415831865,0.264625996,0.245045109,0.226466902,,,,,,,,
992,0.494477035,0.468729187,0.128976647,0.117824853,0.10751826,,,,,,,,
993,0.042312819,0.056046365,0.034698667,0.031404588,0.028414023,,,,,,,,
994,0.11223937,0.102364668,0.064581649,0.058622948,0.231878437,,,,,,,,
995,0.064078857,0.058163662,0.052763723,0.047839651,0.043354076,,,,,,,,
996,0.068280141,0.262129351,0.096152843,0.060508068,0.031531882,,,,,,,,
997,0.070824925,0.064329796,0.058392882,0.052972858,0.048030258,,,,,,,,
999,0.11769897,0.107402048,0.097905993,0.089165669,0.055950765,,,,,,,,
1000,0.101981534,0.09291485,0.084578323,0.076926335,0.069913766,,,,,,,,
1001,0.328028513,0.075724664,0.284260887,0.062490402,0.056712954,,,,,,,,
1002,0.044541677,0.040352224,0.036541748,0.033078694,0.029933636,,,,,,,,
1003,0.057935288,0.052555367,0.047649762,0.043181184,0.039114457,,,,,,,,
1004,0.092563438,0.058163662,0.052763723,0.047839651,0.043354076,,,,,,,,
1005,0.328028513,0.30570649,0.284260887,0.062490402,0.056712954,,,,,,,,
1007,0.07543286,0.068546327,0.062246162,0.056489934,0.051236931,,,,,,,,
1008,0.057462701,0.052124237,0.047256866,0.042823478,0.038789073,,,,,,,,
1009,0.328028513,0.30570649,0.284260887,0.26374821,0.056712954,,,,,,,,
1010,0.09717071,0.088489588,0.080514863,0.073201108,0.066503663,,,,,,,,
1011,0.1293101,0.118133385,0.107803102,0.098275491,0.089505454,,,,,,,,
1012,0.040190801,0.03639499,0.032945368,0.029812596,0.02696941,,,,,,,,
1013,0.3611312,0.337688582,0.315017367,0.071653941,0.110493467,,,,,,,,
1014,0.134153226,0.122616853,0.065986964,0.102092552,0.054354461,,,,,,,,
1015,0.09717071,0.088489588,0.080514863,0.073201108,0.04563517,,,,,,,,
1016,0.044541677,0.040352224,0.036541748,0.033078694,0.029933636,,,,,,,,
1017,0.044541677,0.040352224,0.036541748,0.033078694,0.029933636,,,,,,,,
1018,0.046882195,0.042482388,0.038478826,0.034838833,0.031531882,,,,,,,,
1019,0.067373598,0.061174141,0.05551118,0.050344335,0.04563517,,,,,,,,
1020,0.127073828,0.116064635,0.105893533,0.096516433,0.087888073,,,,,,,,
1022,0.083267903,0.075724664,0.068813473,0.062490402,0.056712954,,,,,,,,
1023,0.029452314,0.026642545,0.024094175,0.021784102,0.019691043,,,,,,,,
1024,0.046882195,0.042482388,0.038478826,0.034838833,0.031531882,,,,,,,,
1025,0.027956432,0.025285653,0.022864022,0.020669394,0.018681393,,,,,,,,
1026,0.153978798,0.141015209,0.052763723,0.212613729,0.39300252,,,,,,,,
1027,0.046882195,0.042482388,0.038478826,0.034838833,0.031531882,,,,,,,,
1028,0.443878544,0.418583809,0.303553947,0.511023787,0.485241371,,,,,,,,
1029,0.027956432,0.025285653,0.022864022,0.020669394,0.018681393,,,,,,,,
1030,0.048811171,0.044238736,0.111706777,0.020669394,0.018681393,,,,,,,,
1031,0.505719848,0.146551247,0.13411386,0.072613593,0.065966076,,,,,,,,
1032,0.064078857,0.058163662,0.052763723,0.047839651,0.043354076,,,,,,,,
1033,0.06951933,0.063135798,0.032945368,0.029812596,0.02696941,,,,,,,,
1034,0.07543286,0.068546327,0.062246162,0.056489934,0.034979544,,,,,,,,
1035,0.060934711,0.055292609,0.221016378,0.078309252,0.071180339,,,,,,,,
1036,0.042312819,0.038324597,0.050832387,0.031404588,0.028414023,,,,,,,,
1037,0.077409657,0.070356387,0.036849003,0.033357839,0.030187069,,,,,,,,
1038,0.099891632,0.349793626,0.464037083,0.30443764,0.28304476,,,,,,,,
1039,0.088153286,0.055292609,0.050145027,0.045453613,0.041182084,,,,,,,,
1040,0.032680272,0.029571936,0.02675107,0.024192577,0.021873282,,,,,,,,
1041,0.443878544,0.418583809,0.536747685,0.369375319,0.345687111,,,,,,,,
1042,0.034419965,0.03115149,0.028184326,0.025492346,0.023051388,,,,,,,,
1043,0.049339348,0.044719762,0.040514269,0.036689076,0.033212541,,,,,,,,
1044,0.111116552,0.101329359,0.053926701,0.0488997,0.044319358,,,,,,,,
1045,0.09717071,0.088489588,0.05551118,0.050344335,0.04563517,,,,,,,,
1046,0.040190801,0.03639499,0.032945368,0.029812596,0.02696941,,,,,,,,
1048,0.038170961,0.034559045,0.031277791,0.293820678,0.173782512,,,,,,,,
1049,0.0597997,0.05425662,0.028184326,0.025492346,0.023051388,,,,,,,,
1050,0.344312795,0.080993519,0.19318577,0.27816237,0.163044313,,,,,,,,
1052,0.057462701,0.052124237,0.047256866,0.042823478,0.038789073,,,,,,,,
1053,0.151002496,0.138248537,0.075016505,0.115452015,0.061897719,,,,,,,,
1054,0.389648735,0.365413748,0.341841881,0.31902614,0.297045918,,,,,,,,
1055,0.587481618,0.19290765,0.177353672,0.16280083,0.089505454,,,,,,,,
1056,0.435416746,0.410248495,0.260168665,0.240809592,0.050544392,,,,,,,,
1057,0.07443894,0.067636506,0.061414451,0.095273337,0.050544392,,,,,,,,
1058,0.092563438,0.084255512,0.090402954,0.047839651,0.063248579,,,,,,,,
1059,0.046882195,0.042482388,0.038478826,0.060508068,0.031531882,,,,,,,,
1060,0.044541677,0.040352224,0.036541748,0.033078694,0.029933636,,,,,,,,
1061,0.079261949,0.29443625,0.401771649,0.101298498,0.053909411,,,,,,,,
1062,0.067373598,0.061174141,0.05551118,0.050344335,0.04563517,,,,,,,,
1063,0.123387227,0.112656207,0.102749077,0.110083639,0.100377151,,,,,,,,
1064,0.083267903,0.075724664,0.068813473,0.062490402,0.056712954,,,,,,,,
1065,0.053063656,0.048113015,0.043602983,0.039498171,0.035765338,,,,,,,,
1066,0.032680272,0.140725806,0.128708248,0.117576528,0.107289016,,,,,,,,
1067,0.092563438,0.058163662,0.052763723,0.047839651,0.043354076,,,,,,,,
1068,0.025182919,0.022770897,0.02058502,0.01860498,0.016812127,,,,,,,,
1069,0.083933819,0.076335279,0.069372541,0.063001575,0.057179749,,,,,,,,
1070,0.032680272,0.029571936,0.02675107,0.024192577,0.021873282,,,,,,,,
1071,0.123387227,0.112656207,0.102749077,0.093621269,0.058853864,,,,,,,,
1072,0.067373598,0.061174141,0.05551118,0.050344335,0.04563517,,,,,,,,
1073,0.044913062,0.040690166,0.036849003,0.033357839,0.030187069,,,,,,,,
1074,0.060439227,0.054840324,0.049732632,0.077684176,0.040840231,,,,,,,,
1076,0.311350954,0.289674592,0.268918034,0.058145097,0.090375086,,,,,,,,
1077,0.366461475,0.342858538,0.320007935,0.297989669,0.276869533,,,,,,,,
1078,0.036248798,0.032812561,0.02969203,0.026860024,0.024291372,,,,,,,,
1079,0.1293101,0.118133385,0.107803102,0.068165179,0.061897719,,,,,,,,
1081,0.070824925,0.064329796,0.058392882,0.052972858,0.048030258,,,,,,,,
1082,0.042312819,0.038324597,0.034698667,0.031404588,0.028414023,,,,,,,,
1083,0.308929413,0.287351292,0.266698705,0.247015966,0.22833353,,,,,,,,
1084,0.1293101,0.118133385,0.107803102,0.098275491,0.089505454,,,,,,,,
1085,0.055074848,0.049946468,0.045272745,0.041017482,0.037146617,,,,,,,,
1086,0.057462701,0.052124237,0.047256866,0.042823478,0.038789073,,,,,,,,
1087,0.277919152,0.257699337,0.238464781,0.220239926,0.203036564,,,,,,,,
1088,0.08745709,0.079567291,0.295304655,0.402775908,0.25425122,,,,,,,,
1089,0.07443894,0.067636506,0.061414451,0.055730565,0.050544392,,,,,,,,
1090,0.057462701,0.052124237,0.047256866,0.042823478,0.038789073,,,,,,,,
1091,0.067373598,0.061174141,0.05551118,0.086415135,0.04563517,,,,,,,,
1092,0.116282751,0.106094829,0.096701832,0.088058513,0.080119222,,,,,,,,
1093,0.036248798,0.032812561,0.02969203,0.026860024,0.024291372,,,,,,,,
1094,0.265068256,0.05707713,0.02969203,0.046936366,0.024291372,,,,,,,,
1095,0.080683184,0.073355359,0.038478826,0.034838833,0.031531882,,,,,,,,
1096,0.060934711,0.055292609,0.050145027,0.045453613,0.187542039,,,,,,,,
1097,0.049748653,0.065730015,0.101710321,0.054140183,0.049094313,,,,,,,,
1098,0.040190801,0.03639499,0.032945368,0.029812596,0.02696941,,,,,,,,
1099,0.068280141,0.062002813,0.038478826,0.060508068,0.031531882,,,,,,,,
1100,0.09887858,0.090060099,0.047649762,0.043181184,0.039114457,,,,,,,,
1101,0.083267903,0.075724664,0.047256866,0.042823478,0.178225188,,,,,,,,
1103,0.05872283,0.053273913,0.048304657,0.029812596,0.039656928,,,,,,,,
1104,0.040527447,0.036701058,0.033223426,0.030065035,0.02719845,,,,,,,,
1105,0.054624241,0.04953562,0.044898525,0.040676937,0.036836976,,,,,,,,
1106,0.049339348,0.044719762,0.040514269,0.053696788,0.048690116,,,,,,,,
1108,0.057935288,0.052555367,0.047649762,0.043181184,0.039114457,,,,,,,,
1109,0.051918268,0.047069176,0.042652607,0.03863365,0.034979544,,,,,,,,
1110,0.09183592,0.083587276,0.076017505,0.285111407,0.390930939,,,,,,,,
1112,0.082179922,0.074727209,0.067900366,0.061655642,0.055950765,,,,,,,,
1113,0.067373598,0.061174141,0.05551118,0.050344335,0.04563517,,,,,,,,
1114,0.11769897,0.107402048,0.097905993,0.089165669,0.081135438,,,,,,,,
1115,0.374309606,0.350480826,0.21431985,0.197461815,0.181623271,,,,,,,,
1116,0.055074848,0.049946468,0.045272745,0.041017482,0.037146617,,,,,,,,
1117,0.054624241,0.21880875,0.310715592,0.25346012,0.234442045,,,,,,,,
1118,0.040190801,0.03639499,0.032945368,0.029812596,0.02696941,,,,,,,,
1119,0.044541677,0.040352224,0.063383293,0.05752836,0.052184133,,,,,,,,
1120,0.092563438,0.058163662,0.090402954,0.047839651,0.043354076,,,,,,,,
1121,0.092563438,0.084255512,0.052763723,0.047839651,0.043354076,,,,,,,,
1122,0.070824925,0.064329796,0.058392882,0.076926335,0.069913766,,,,,,,,
1123,0.060934711,0.055292609,0.050145027,0.045453613,0.041182084,,,,,,,,
1124,0.070255036,0.268097704,0.370878571,0.22959429,0.211858768,,,,,,,,
1125,0.054624241,0.04953562,0.044898525,0.040676937,0.036836976,,,,,,,,
1126,0.09183592,0.083587276,0.076017505,0.047445268,0.042995002,,,,,,,,
1128,0.057462701,0.052124237,0.047256866,0.062490402,0.056712954,,,,,,,,
1129,0.152849882,0.139965614,0.128003304,0.116924371,0.062735537,,,,,,,,
1131,0.052347789,0.047460589,0.043008951,0.038957783,0.035274145,,,,,,,,
1132,0.07443894,0.097537734,0.088827048,0.080824607,0.050544392,,,,,,,,
1133,0.060934711,0.055292609,0.050145027,0.045453613,0.041182084,,,,,,,,
1134,0.05872283,0.053273913,0.048304657,0.043777487,0.039656928,,,,,,,,
1135,0.036248798,0.032812561,0.02969203,0.026860024,0.024291372,,,,,,,,
1136,0.042312819,0.038324597,0.034698667,0.031404588,0.028414023,,,,,,,,
1137,0.078221844,0.071100274,0.064581649,0.058622948,0.053182775,,,,,,,,
1138,0.354093744,0.330871364,0.308444685,0.286886367,0.26625471,,,,,,,,
1139,0.044541677,0.040352224,0.036541748,0.033078694,0.029933636,,,,,,,,
1140,0.092563438,0.084255512,0.076630284,0.069642667,0.063248579,,,,,,,,
1141,0.036248798,0.032812561,0.02969203,0.026860024,0.024291372,,,,,,,,
1142,0.067373598,0.061174141,0.05551118,0.050344335,0.04563517,,,,,,,,
1143,0.055074848,0.049946468,0.045272745,0.041017482,0.037146617,,,,,,,,
1144,0.123387227,0.112656207,0.102749077,0.093621269,0.058853864,,,,,,,,
1145,0.090647058,0.118133385,0.107803102,0.098275491,0.061897719,,,,,,,,
1146,0.055825811,0.05063125,0.205421874,0.189095289,0.173782512,,,,,,,,
1147,0.051918268,0.209774167,0.299340303,0.177614303,0.163044313,,,,,,,,
1148,0.046882195,0.042482388,0.038478826,0.051034279,0.031531882,,,,,,,,
1149,0.070824925,0.064329796,0.058392882,0.052972858,0.048030258,,,,,,,,
1150,0.049339348,0.044719762,0.040514269,0.036689076,0.033212541,,,,,,,,
1151,0.046882195,0.042482388,0.038478826,0.034838833,0.031531882,,,,,,,,
1152,0.064078857,0.058163662,0.052763723,0.047839651,0.195856441,,,,,,,,
1153,0.055074848,0.049946468,0.045272745,0.041017482,0.037146617,,,,,,,,
1155,0.07443894,0.067636506,0.061414451,0.055730565,0.050544392,,,,,,,,
1156,0.11223937,0.102364668,0.09326746,0.142030067,0.053182775,,,,,,,,
1157,0.042312819,0.038324597,0.034698667,0.031404588,0.028414023,,,,,,,,
1158,0.047272129,0.042837373,0.038801712,0.035132291,0.031798402,,,,,,,,
1159,0.055074848,0.049946468,0.045272745,0.059906904,0.054354461,,,,,,,,
1160,0.066829483,0.060676836,0.055057211,0.049930386,0.045258097,,,,,,,,
1161,0.054624241,0.04953562,0.044898525,0.040676937,0.036836976,,,,,,,,
1162,0.082179922,0.074727209,0.067900366,0.061655642,0.055950765,,,,,,,,
1164,0.044913062,0.040690166,0.063901271,0.033357839,0.030187069,,,,,,,,
1165,0.038170961,0.034559045,0.031277791,0.028298948,0.025596309,,,,,,,,
1166,0.057935288,0.052555367,0.047649762,0.043181184,0.039114457,,,,,,,,
1167,0.063559537,0.057689327,0.052330977,0.047445268,0.042995002,,,,,,,,
1168,0.153978798,0.099251345,0.052763723,0.047839651,0.043354076,,,,,,,,
1169,0.057935288,0.052555367,0.047649762,0.043181184,0.039114457,,,,,,,,
1171,0.064078857,0.058163662,0.090402954,0.082271358,0.07481103,,,,,,,,
1172,0.026534448,0.023996163,0.021695279,0.019610583,0.017722576,,,,,,,,
1173,0.106174583,0.096775289,0.103732723,0.055274907,0.072895351,,,,,,,,
1174,0.038170961,0.034559045,0.031277791,0.028298948,0.025596309,,,,,,,,
1175,0.060934711,0.055292609,0.050145027,0.045453613,0.041182084,,,,,,,,
1176,0.08745709,0.079567291,0.072332839,0.402775908,0.289923968,,,,,,,,
1177,0.101188247,0.092184851,0.083907762,0.076311383,0.069350662,,,,,,,,
1178,0.070824925,0.064329796,0.058392882,0.052972858,0.048030258,,,,,,,,
1179,0.049748653,0.045092562,0.04085351,0.036997522,0.033492776,,,,,,,,
1180,0.057935288,0.052555367,0.047649762,0.043181184,0.039114457,,,,,,,,
1181,0.044913062,0.040690166,0.036849003,0.033357839,0.030187069,,,,,,,,
1182,0.029452314,0.026642545,0.035478383,0.032112745,0.029056767,,,,,,,,
1183,0.034419965,0.03115149,0.028184326,0.025492346,0.023051388,,,,,,,,
1184,0.08745709,0.054840324,0.049732632,0.045077969,0.040840231,,,,,,,,
1185,0.364445798,0.340902828,0.079873707,0.220239926,0.403780983,,,,,,,,
1186,0.078221844,0.291466377,0.109675144,0.058622948,0.445209032,,,,,,,,
1187,0.054624241,0.04953562,0.044898525,0.040676937,0.036836976,,,,,,,,
1189,0.038170961,0.034559045,0.031277791,0.028298948,0.025596309,,,,,,,,
1190,0.057935288,0.052555367,0.047649762,0.043181184,0.057179749,,,,,,,,
1191,0.057462701,0.052124237,0.047256866,0.042823478,0.038789073,,,,,,,,
1193,0.328028513,0.075724664,0.068813473,0.062490402,0.056712954,,,,,,,,
1194,0.047922096,0.043429143,0.039340024,0.035621582,0.032242814,,,,,,,,
1195,0.088153286,0.080206202,0.050145027,0.045453613,0.071180339,,,,,,,,
1196,0.045532143,0.041253552,0.037361277,0.033823283,0.030609672,,,,,,,,
1197,0.066127098,0.060034956,0.031277791,0.028298948,0.025596309,,,,,,,,
1198,0.061760353,0.056046365,0.034698667,0.046079785,0.028414023,,,,,,,,
1199,0.055074848,0.049946468,0.045272745,0.041017482,0.037146617,,,,,,,,
1200,0.049339348,0.044719762,0.040514269,0.063631692,0.033212541,,,,,,,,
1202,0.047272129,0.042837373,0.038801712,0.035132291,0.031798402,,,,,,,,
1203,0.032956169,0.029822401,0.026978307,0.024398626,0.022060023,,,,,,,,
1204,0.457162659,0.431698557,0.406590449,0.381961165,0.357923927,,,,,,,,
1205,0.064078857,0.058163662,0.052763723,0.047839651,0.043354076,,,,,,,,
1206,0.04266645,0.038646241,0.034990988,0.031670068,0.02865497,,,,,,,,
1207,0.127073828,0.116064635,0.062246162,0.056489934,0.051236931,,,,,,,,
1209,0.049339348,0.044719762,0.040514269,0.036689076,0.033212541,,,,,,,,
1210,0.034710022,0.0314149,0.028423382,0.025709173,0.023247948,,,,,,,,
1211,0.11223937,0.102364668,0.15507011,0.470809846,0.445209032,,,,,,,,
1212,0.328028513,0.30570649,0.284260887,0.26374821,0.244210705,,,,,,,,
1213,0.042312819,0.038324597,0.034698667,0.031404588,0.028414023,,,,,,,,
1214,0.068280141,0.062002813,0.056267739,0.224220502,0.046263722,,,,,,,,
1215,0.040190801,0.03639499,0.032945368,0.029812596,0.039656928,,,,,,,,
1216,0.09717071,0.061174141,0.05551118,0.086415135,0.04563517,,,,,,,,
1217,0.123387227,0.07852352,0.071376612,0.27145555,0.37486439,,,,,,,,
1218,0.123387227,0.112656207,0.102749077,0.06483442,0.058853864,,,,,,,,
1219,0.11769897,0.107402048,0.368402967,0.484198199,0.321828338,,,,,,,,
1220,0.070824925,0.064329796,0.058392882,0.052972858,0.048030258,,,,,,,,
1221,0.107002307,0.097537734,0.061414451,0.055730565,0.050544392,,,,,,,,
1222,0.063559537,0.057689327,0.052330977,0.069081584,0.062735537,,,,,,,,
1223,0.067373598,0.061174141,0.05551118,0.050344335,0.04563517,,,,,,,,
1224,0.457162659,0.431698557,0.406590449,0.381961165,0.357923927,,,,,,,,
1225,0.071774333,0.065198246,0.059186253,0.053696788,0.048690116,,,,,,,,
1226,0.064078857,0.058163662,0.052763723,0.047839651,0.043354076,,,,,,,,
1227,0.09717071,0.088489588,0.080514863,0.073201108,0.066503663,,,,,,,,
1229,0.092563438,0.084255512,0.076630284,0.417862401,0.26625471,,,,,,,,
1230,0.389648735,0.278758087,0.258499087,0.239224076,0.220958028,,,,,,,,
1231,0.123387227,0.112656207,0.071376612,0.06483442,0.058853864,,,,,,,,
1232,0.044913062,0.040690166,0.036849003,0.058001453,0.030187069,,,,,,,,
1234,0.11223937,0.102364668,0.064581649,0.058622948,0.053182775,,,,,,,,
1235,0.095429334,0.086888812,0.045896545,0.028298948,0.025596309,,,,,,,,
1236,0.339965022,0.079567291,0.072332839,0.274300462,0.25425122,,,,,,,,
1237,0.101188247,0.06380858,0.057916791,0.090032326,0.047634383,,,,,,,,
1238,0.052347789,0.047460589,0.043008951,0.038957783,0.035274145,,,,,,,,
1239,0.040190801,0.03639499,0.154757058,0.029812596,0.129647904,,,,,,,,
1240,0.079261949,0.072053087,0.065453261,0.059419248,0.053909411,,,,,,,,
1241,0.123387227,0.112656207,0.102749077,0.06483442,0.058853864,,,,,,,,
1242,0.067373598,0.061174141,0.05551118,0.050344335,0.04563517,,,,,,,,
1243,0.029452314,0.026642545,0.024094175,0.021784102,0.019691043,,,,,,,,
1244,0.04266645,0.038646241,0.034990988,0.031670068,0.02865497,,,,,,,,
1246,0.064078857,0.058163662,0.052763723,0.047839651,0.043354076,,,,,,,,
1247,0.060439227,0.054840324,0.049732632,0.045077969,0.040840231,,,,,,,,
1248,0.368931653,0.089350318,0.081304943,0.193837589,0.279001757,,,,,,,,
1249,0.227805899,0.588493431,0.563305149,0.177963856,0.370348732,,,,,,,,
1250,0.060934711,0.055292609,0.050145027,0.045453613,0.041182084,,,,,,,,
1251,0.092563438,0.084255512,0.076630284,0.069642667,0.063248579,,,,,,,,
1252,0.064944155,0.058954115,0.053484956,0.048497023,0.043952657,,,,,,,,
1253,0.067373598,0.088489588,0.080514863,0.073201108,0.04563517,,,,,,,,
1254,0.036553683,0.033089537,0.02994348,0.027088161,0.02449824,,,,,,,,
1255,0.042312819,0.038324597,0.034698667,0.031404588,0.028414023,,,,,,,,
1256,0.09717071,0.088489588,0.05551118,0.050344335,0.04563517,,,,,,,,
1257,0.09717071,0.088489588,0.080514863,0.073201108,0.276869533,,,,,,,,
1258,0.040190801,0.03639499,0.057302328,0.029812596,0.02696941,,,,,,,,
1260,0.060439227,0.054840324,0.049732632,0.045077969,0.040840231,,,,,,,,
1261,0.042312819,0.038324597,0.034698667,0.031404588,0.028414023,,,,,,,,
1263,0.046882195,0.042482388,0.056267739,0.051034279,0.046263722,,,,,,,,
1264,0.064078857,0.058163662,0.052763723,0.082271358,0.043354076,,,,,,,,
1266,0.064944155,0.058954115,0.053484956,0.048497023,0.043952657,,,,,,,,
1267,0.049339348,0.065198246,0.059186253,0.053696788,0.033212541,,,,,,,,
1268,0.036553683,0.033089537,0.02994348,0.027088161,0.02449824,,,,,,,,
1269,0.042312819,0.038324597,0.034698667,0.031404588,0.028414023,,,,,,,,
1270,0.09717071,0.088489588,0.05551118,0.050344335,0.04563517,,,,,,,,
1271,0.121239121,0.110671337,0.059186253,0.053696788,0.215729773,,,,,,,,
1272,0.055074848,0.049946468,0.045272745,0.041017482,0.037146617,,,,,,,,
1273,0.108862141,0.099251345,0.052763723,0.047839651,0.043354076,,,,,,,,
1274,0.082179922,0.074727209,0.067900366,0.061655642,0.055950765,,,,,,,,
1275,0.057935288,0.052555367,0.047649762,0.043181184,0.039114457,,,,,,,,
1276,0.071774333,0.065198246,0.059186253,0.053696788,0.048690116,,,,,,,,
1277,0.046882195,0.042482388,0.056267739,0.051034279,0.046263722,,,,,,,,
1278,0.064078857,0.058163662,0.052763723,0.082271358,0.043354076,,,,,,,,
